通し番号,ファイル名,カテゴリ,種別,出所URL,出所ドメイン,状況メモ,md5
1,0001.jpg,墜落・転落,教育イラスト,"https://www.sacl.or.jp/case/disaster/1274",www.sacl.or.jp,"高所作業車 墜落 災害 イラスト",07e8ab2b818f1b986439c4f6ac6e6365
2,0002.jpg,墜落・転落,教育イラスト,"https://maruyama-support.jp/maruyama/682/",maruyama-support.jp,"高所作業車 墜落 災害 イラスト",cf080ca007adf7928e02bf9bcf4e94b3
3,0003.png,墜落・転落,教育イラスト,"https://www.rodo.co.jp/series/136091/",www.rodo.co.jp,"高所作業車 墜落 災害 イラスト",10431446c1f97db66bd438fb34e00640
4,0004.jpg,墜落・転落,教育イラスト,"https://www.ac-illust.com/main/detail.php?id=865238&word=%E5%8A%B4%E7%81%BD%E9%87%8D%E6%A9%9F%E4%BA%8B%E6%95%85%E3%81%AEi%E3%82%A4%E3%83%A9%E3%82%B9%E3%83%88",www.ac-illust.com,"高所作業車 墜落 災害 イラスト",d9e8b18684bf5efc5915ae731cbc5af8
5,0005.jpg,墜落・転落,教育イラスト,"https://www.rent.co.jp/media/koushosagyousha/safety-harness-for-high-altitude-work-vehicles/",www.rent.co.jp,"高所作業車 墜落 災害 イラスト",948fa0eef4a5fdfed3dd2e21cf1b2595
6,0006.jpg,墜落・転落,教育イラスト,"https://www.ac-illust.com/main/detail.php?id=518960&word=%E5%8A%B4%E7%81%BD%E3%83%BB%E9%AB%98%E6%89%80%E4%BD%9C%E6%A5%AD%E3%81%AE%E3%82%A4%E3%83%A9%E3%82%B9%E3%83%88",www.ac-illust.com,"高所作業車 墜落 災害 イラスト",82390775c4d93963298a1dae6d82955d
7,0007.jpg,墜落・転落,教育イラスト,"https://www.ac-illust.com/main/detail.php?id=1504382",www.ac-illust.com,"高所作業車 墜落 災害 イラスト",079b127504d4104d2c4f167f9b7cb4b2
8,0008.jpg,墜落・転落,教育イラスト,"https://www.ac-illust.com/main/detail.php?id=22807404",www.ac-illust.com,"高所作業車 墜落 災害 イラスト",2289fd7647b97322b85cb247f191814a
9,0009.jpg,墜落・転落,教育イラスト,"https://www.ac-illust.com/main/detail.php?id=1126118",www.ac-illust.com,"高所作業車 墜落 災害 イラスト",26cef5422e419c2174312dd95a1316a8
10,0010.png,墜落・転落,教育イラスト,"https://illust.startoo.co/norimono/7000/",illust.startoo.co,"高所作業車 墜落 災害 イラスト",4d25e9c9c9406fea8d87869ef99f5ce2
11,0011.png,墜落・転落,教育イラスト,"https://ebipop.com/anzentai02/",ebipop.com,"高所作業車 墜落 災害 イラスト",76a50dbd0aaa1d26a4d608b9313b2f7f
12,0012.png,墜落・転落,教育イラスト,"http://www.support-ss.co.jp/manual/",www.support-ss.co.jp,"高所作業車 墜落 災害 イラスト",dc85f3a84908c9ebc783d116510576cc
13,0013.png,墜落・転落,教育イラスト,"https://www.rodo.co.jp/series/108201/",www.rodo.co.jp,"高所作業車 墜落 災害 イラスト",1195a5040b86e2b49fbfc78830c176aa
14,0014.jpg,墜落・転落,教育イラスト,"https://maruyama-support.jp/maruyama/682/",maruyama-support.jp,"高所作業車 転落 事故 イラスト",40f26bd0f0574b88e6f0f0fc6c10d8c2
15,0015.jpg,墜落・転落,教育イラスト,"https://storage.googleapis.com/dchtbjucjucroe/forklift-accident-clipart.html",storage.googleapis.com,"高所作業車 転落 事故 イラスト",7330be7636b79d59778f30f5814cc7b4
16,0016.webp,墜落・転落,教育イラスト,"https://pixta.jp/illustration/115673158",pixta.jp,"高所作業車 転落 事故 イラスト",d8273f29de718103992acbbaf3e6dbd2
17,0017.jpg,墜落・転落,教育イラスト,"https://www.ac-illust.com/main/detail.php?id=658161",www.ac-illust.com,"高所作業車 転落 事故 イラスト",106ef7349370e0db0a204957d7f52112
18,0018.webp,墜落・転落,教育イラスト,"https://pixta.jp/illustration/97632501",pixta.jp,"高所作業車 転落 事故 イラスト",4d1a4cb632b6b14abf969eb6cc6d3f1d
19,0019.webp,墜落・転落,教育イラスト,"https://pixta.jp/illustration/62643242",pixta.jp,"高所作業車 転落 事故 イラスト",320055ff1bd2876061941a61cc424630
20,0020.gif,墜落・転落,教育イラスト,"https://torack7.blog.fc2.com/blog-entry-523.html",torack7.blog.fc2.com,"高所作業車 転落 事故 イラスト",945f76b985a04514a05734ea8cc22582
21,0021.jpg,墜落・転落,教育イラスト,"https://kenki-go.com/media/607/",kenki-go.com,"高所作業車 バケット 墜落 安全帯 未使用 イラスト",cd0b931cd5022e8add9aeeb6fdfa44ee
22,0022.jpg,墜落・転落,教育イラスト,"https://kenki-go.com/media/607/",kenki-go.com,"高所作業車 バケット 墜落 安全帯 未使用 イラスト",01100c565dae1632fc7f546f766e1420
23,0023.jpg,墜落・転落,教育イラスト,"https://kenki-go.com/media/607/",kenki-go.com,"高所作業車 バケット 墜落 安全帯 未使用 イラスト",b9f4a860e3604eb39940c8f2e7160749
24,0024.webp,墜落・転落,教育イラスト,"https://pixta.jp/illustration/60034577",pixta.jp,"高所作業車 バケット 墜落 安全帯 未使用 イラスト",5ebc408ce78cf21faebfca2b10b9c123
25,0025.webp,墜落・転落,教育イラスト,"https://pixta.jp/illustration/60069778",pixta.jp,"高所作業車 バケット 墜落 安全帯 未使用 イラスト",da8660cdfea725739ffbdca733b39826
26,0026.jpg,墜落・転落,教育イラスト,"https://www.ac-illust.com/main/detail.php?id=23301375",www.ac-illust.com,"高所作業車 バケット 墜落 安全帯 未使用 イラスト",d01a20e063a525f94432be5506073290
27,0027.jpg,墜落・転落,教育イラスト,"https://www.ac-illust.com/main/detail.php?id=1394745",www.ac-illust.com,"高所作業車 バケット 墜落 安全帯 未使用 イラスト",70d09e26d10e612d6abcad9880dd1608
28,0028.png,墜落・転落,教育イラスト,"https://www.irasutoya.com/2018/08/blog-post_290.html",www.irasutoya.com,"高所作業車 バケット 墜落 安全帯 未使用 イラスト",4eb7d6bd24d564e9ada152f5ef454844
29,0029.webp,墜落・転落,教育イラスト,"http://nochikujorney.com/post-1985/",nochikujorney.com,"高所作業車 バケット 墜落 安全帯 未使用 イラスト",2c6f1b0b89dbe2b59a8badb0abf459de
30,0030.jpg,墜落・転落,教育イラスト,"https://www.ac-illust.com/main/detail.php?id=42337",www.ac-illust.com,"高所作業車 バケット 墜落 安全帯 未使用 イラスト",5bf18412846ace58d112dcdbecc05a8e
31,0031.png,墜落・転落,教育イラスト,"https://support-ss.co.jp/manual/",support-ss.co.jp,"高所作業車 バケット 墜落 安全帯 未使用 イラスト",7090d74714c141baf9b7fa43fbc1e335
32,0032.png,墜落・転落,教育イラスト,"https://ebipop.com/illust-anzentai/",ebipop.com,"高所作業車 バケット 墜落 安全帯 未使用 イラスト",3eceef0e4ecdd523845b71e47f198b58
33,0033.webp,墜落・転落,教育イラスト,"https://pixta.jp/illustration/88494692",pixta.jp,"高所作業車 バケット 墜落 安全帯 未使用 イラスト",bd071ffe7f44478ab07f32143a6a903c
34,0034.jpg,墜落・転落,教育イラスト,"https://www.ac-illust.com/main/detail.php?id=2497978",www.ac-illust.com,"高所作業車 バケット 墜落 安全帯 未使用 イラスト",299bd261027fd34b2aa3c33fe76ad5ef
35,0035.jpg,墜落・転落,教育イラスト,"https://www.ac-illust.com/main/detail.php?id=23301377",www.ac-illust.com,"高所作業車 バケット 墜落 安全帯 未使用 イラスト",0ad647be56140ab28d126e6612de44ca
36,0036.png,墜落・転落,教育イラスト,"https://kenki-kyosyu.com/3836/",kenki-kyosyu.com,"高所作業車 バケット 墜落 安全帯 未使用 イラスト",6ea5f4a5679aad3ad46cc9c5fc88761e
37,0037.jpg,墜落・転落,ヒヤリハット挿絵,"http://www.sacl.or.jp/case/",www.sacl.or.jp,"高所作業車 乗り出し 墜落 ヒヤリハット イラスト",71ae19569a125c4aeb077e0d62c5cab5
38,0038.jpg,墜落・転落,ヒヤリハット挿絵,"https://www.sacl.or.jp/case/unsafe/",www.sacl.or.jp,"高所作業車 乗り出し 墜落 ヒヤリハット イラスト",fba4804c23ad7c6ab3e617395d5d9f0c
39,0039.jpg,墜落・転落,ヒヤリハット挿絵,"https://www.ac-illust.com/main/detail.php?id=23104332",www.ac-illust.com,"高所作業車 乗り出し 墜落 ヒヤリハット イラスト",690e25edbf3df4444e362f6459820934
40,0040.jpg,墜落・転落,ヒヤリハット挿絵,"https://www.ac-illust.com/main/detail.php?id=22041855",www.ac-illust.com,"高所作業車 乗り出し 墜落 ヒヤリハット イラスト",9dcceaa8b4144d35d9b27ee8288e7b84
41,0041.jpg,墜落・転落,ヒヤリハット挿絵,"https://marketing.nitto-lmaterials.com/column/forklift_accident/",marketing.nitto-lmaterials.com,"高所作業車 乗り出し 墜落 ヒヤリハット イラスト",0f2613582794ccb39b50a64f6c793a77
42,0042.gif,墜落・転落,ヒヤリハット挿絵,"https://anzeninfo.mhlw.go.jp/hiyari/01.html",anzeninfo.mhlw.go.jp,"高所作業車 乗り出し 墜落 ヒヤリハット イラスト",c327713ee8995c2cc26b7ddf8f648d87
43,0043.jpg,墜落・転落,ヒヤリハット挿絵,"https://www.studiospeak.co.jp/free/hiyari/",www.studiospeak.co.jp,"高所作業車 乗り出し 墜落 ヒヤリハット イラスト",65601474eaa1fa3a4cb5b9928ac94539
44,0044.webp,墜落・転落,ヒヤリハット挿絵,"https://pixta.jp/illustration/16383089",pixta.jp,"高所作業車 乗り出し 墜落 ヒヤリハット イラスト",61d8d7f14f06a8b9355afe0ff2f3d74f
45,0045.png,墜落・転落,KYT教材,"https://www.rodo.co.jp/series/37741/",www.rodo.co.jp,"高所作業車 アウトリガー 墜落 KYT 教材",9a40160c63907c39a3d58a9cfb80df45
46,0046.jpg,墜落・転落,KYT教材,"https://www.planex00.com/product/?mca=1&p=1&id=1573696661-553819",www.planex00.com,"高所作業車 アウトリガー 墜落 KYT 教材",1503f145b79290eca1908872a8fdad54
47,0047.jpg,墜落・転落,KYT教材,"https://www.rent.co.jp/media/knowhow/aerial-work-platform-kinds/",www.rent.co.jp,"高所作業車 アウトリガー 墜落 KYT 教材",72f3255fdff47c7e9f75817a55c88b2e
48,0048.jpg,墜落・転落,KYT教材,"https://kenki-kyosyu.com/3836/",kenki-kyosyu.com,"高所作業車 アウトリガー 墜落 KYT 教材",a831b847167ee1930de3fa7d1848df09
49,0049.jpg,墜落・転落,KYT教材,"https://www.rent.co.jp/media/knowhow/aerial-work-vehicle-license/",www.rent.co.jp,"高所作業車 アウトリガー 墜落 KYT 教材",1cdc19f52d2cc5ce1968e5c37e5d567b
50,0050.png,墜落・転落,KYT教材,"https://www.atpress.ne.jp/news/341489",www.atpress.ne.jp,"高所作業車 アウトリガー 墜落 KYT 教材",ea1524bf64eabcd19b5c9a08d85694bf
51,0051.jpg,墜落・転落,KYT教材,"https://yamadabody.jp/blog/products/kasoupa-tu/truck-loading-platform-accident/",yamadabody.jp,"高所作業車 アウトリガー 墜落 KYT 教材",93a84831ca7d387bedf3ae4fa2daf3a5
52,0052.jpg,墜落・転落,KYT教材,"https://www.pinterest.com/pin/2022--753297475183298814/",www.pinterest.com,"高所作業車 アウトリガー 墜落 KYT 教材",e8a9a20cf507f6ec3e2d76a2798f14cf
53,0053.jpg,墜落・転落,KYT教材,"https://t-i-trading.co.jp/fp/knowledge/safety/page1-1/",t-i-trading.co.jp,"高所作業車 アウトリガー 墜落 KYT 教材",e85aef76dfe05fee0c1a573b9ca861fb
54,0054.jpg,墜落・転落,KYT教材,"https://www.kensaibou.or.jp/safe_tech/foreign_worker_education/japanese/example_of_accidents/falls/index.html",www.kensaibou.or.jp,"高所作業車 アウトリガー 墜落 KYT 教材",1006171745bb7d143b14ab3e3ae68a11
55,0055.jpg,墜落・転落,KYT教材,"https://ec.midori-anzen.com/shop/g/g4068274270/",ec.midori-anzen.com,"高所作業車 アウトリガー 墜落 KYT 教材",56b281ed143c70d1a6dfe11236bd15c2
56,0056.webp,墜落・転落,KYT教材,"https://akrobat.jp/archives/column/tenraku-tsuiraku",akrobat.jp,"高所作業車 アウトリガー 墜落 KYT 教材",859a7c211737cbc90f21edf0151661f1
57,0057.jpg,墜落・転落,KYT教材,"http://www.sumitomonacco.co.jp/blog/kyt-1r/",www.sumitomonacco.co.jp,"高所作業車 アウトリガー 墜落 KYT 教材",81547ea90db581911bafe28fa6de093e
58,0058.webp,墜落・転落,KYT教材,"https://blog.kaminashi.jp/kyt",blog.kaminashi.jp,"高所作業車 アウトリガー 墜落 KYT 教材",f1747930a805deb3cfa95cbb96e18123
59,0059.png,墜落・転落,KYT教材,"https://anzenkouen.com/1m-anzen/kiken-anzenkokorogamae",anzenkouen.com,"高所作業車 アウトリガー 墜落 KYT 教材",c59b7c92eda827d534b75df5d8d57a36
60,0060.jpg,墜落・転落,KYT教材,"https://www.nasva.go.jp/fusegu/mng_dorareko-kyt.html",www.nasva.go.jp,"高所作業車 アウトリガー 墜落 KYT 教材",9ce4cbddd2578d43af076c39d704712e
61,0061.jpg,墜落・転落,KYT教材,"https://reno-happia.co.jp/20190306/",reno-happia.co.jp,"高所作業車 アウトリガー 墜落 KYT 教材",4baaeea7dd0314fbbbc79c8fcd557f85
62,0062.jpg,墜落・転落,KYT教材,"https://tokuworld.co.jp/blog/329",tokuworld.co.jp,"高所作業車 アウトリガー 墜落 KYT 教材",2aaab9b7d3bf2153ad3f4d96f3c3b2f6
63,0063.png,墜落・転落,KYT教材,"https://marutpluswrk.xsrv.jp/glossary/634/",marutpluswrk.xsrv.jp,"高所作業車 アウトリガー 墜落 KYT 教材",dc78c822b1f076a32fd4ecce5152e7ad
64,0064.gif,墜落・転落,教育イラスト,"https://www.aichi-corp.co.jp/service/forsafety/forsafety_jisou",www.aichi-corp.co.jp,"高所作業車 バケット 身を乗り出す 転落 危険 イラスト",865f168827fe5f8d75331cefd32bdd89
65,0065.webp,墜落・転落,教育イラスト,"https://pixta.jp/illustration/54067566",pixta.jp,"高所作業車 バケット 身を乗り出す 転落 危険 イラスト",2c431e04b7b57519a01314b133c00187
66,0066.png,墜落・転落,注意喚起ポスター,"http://kensaibo-kyoto.jp/poster/",kensaibo-kyoto.jp,"高所作業車 墜落 注意喚起 ポスター",763e2f2fdb58bef5ede575dd595106e2
67,0067.jpg,墜落・転落,注意喚起ポスター,"https://www.dcm-ekurashi.com/goods/1146151",www.dcm-ekurashi.com,"高所作業車 墜落 注意喚起 ポスター",d15fd3ffd424bbe7d55bb9c37e7f38e2
68,0068.jpg,墜落・転落,注意喚起ポスター,"https://www.kensetsunews.com/web-kan/34667",www.kensetsunews.com,"高所作業車 墜落 注意喚起 ポスター",4fe984b7712c84d1722b584a7fe772e1
69,0069.jpg,墜落・転落,注意喚起ポスター,"https://www.tokubetu.or.jp/anzenposter/hyoushiki05.html",www.tokubetu.or.jp,"高所作業車 墜落 注意喚起 ポスター",ce43587502512081f8863fc3974c4a14
70,0070.jpg,墜落・転落,注意喚起ポスター,"https://ec.midori-anzen.com/shop/g/g4068182140/",ec.midori-anzen.com,"高所作業車 墜落 注意喚起 ポスター",12c6f313bd25fd893db84445807c46d8
71,0071.jpg,墜落・転落,注意喚起ポスター,"https://www.rodo.co.jp/news/151453/",www.rodo.co.jp,"高所作業車 墜落 注意喚起 ポスター",be57e633d1cbb81e054277921d83b423
72,0072.png,墜落・転落,注意喚起ポスター,"https://support-ss.co.jp/manual/",support-ss.co.jp,"高所作業車 墜落 注意喚起 ポスター",b4137380c819487e1add653e7e104ebf
73,0073.jpg,墜落・転落,注意喚起ポスター,"https://store.skattsei.co.jp/anzen/products/view/1765",store.skattsei.co.jp,"高所作業車 墜落 注意喚起 ポスター",5f4824e15c5a1b1528ffb5050b738f7a
74,0074.jpg,墜落・転落,注意喚起ポスター,"https://ec.midori-anzen.com/shop/g/g4068274250/",ec.midori-anzen.com,"高所作業車 墜落 注意喚起 ポスター",f2f6c0724d96056ed1a16eab60d01170
75,0075.jpg,墜落・転落,注意喚起ポスター,"https://t-i-trading.co.jp/fp/knowledge/measures/page3-1/",t-i-trading.co.jp,"高所作業車 墜落 注意喚起 ポスター",45df75b8dad5702814c5446f47e7f640
76,0076.webp,墜落・転落,注意喚起ポスター,"https://shop.jisha.or.jp/products/36238",shop.jisha.or.jp,"高所作業車 墜落 注意喚起 ポスター",d10bec4f6364a77f2916c6725d7ba243
77,0077.webp,墜落・転落,注意喚起ポスター,"https://www.gc-select.com/products/6300001143",www.gc-select.com,"高所作業車 墜落 注意喚起 ポスター",4c9be4e551769b565c5e8f2474863d3e
78,0078.jpg,墜落・転落,注意喚起ポスター,"https://www.tokubetu.or.jp/anzenposter/hyoushiki05.html",www.tokubetu.or.jp,"高所作業車 墜落 注意喚起 ポスター",9a2bb630e7dcd6c6e0b69ae6659a50a8
79,0079.jpg,墜落・転落,注意喚起ポスター,"https://ec.midori-anzen.com/shop/g/g4068340290/",ec.midori-anzen.com,"高所作業車 墜落 注意喚起 ポスター",da4ac0d5ea1968eee057c9a6eb7a9c98
80,0080.webp,墜落・転落,注意喚起ポスター,"https://shop.jisha.or.jp/products/36253",shop.jisha.or.jp,"高所作業車 墜落 注意喚起 ポスター",9edfd6e1f1e25107a25d8562e814bf60
81,0081.jpg,墜落・転落,教育イラスト,"https://www.ac-illust.com/main/detail.php?id=26223726",www.ac-illust.com,"高所作業車 安全帯 命綱 未着用 墜落 イラスト",85abcc873f2b8f19723633cd37fabde8
82,0082.png,墜落・転落,教育イラスト,"https://www.rent.co.jp/media/koushosagyousha/safety-harness-for-high-altitude-work-vehicles/",www.rent.co.jp,"高所作業車 安全帯 命綱 未着用 墜落 イラスト",d299b8b4b9f8069c4fb8224681689a71
83,0083.jpg,墜落・転落,教育イラスト,"https://www.haikanbuhin.com/top/detail/asp/detail.asp?gcode=605707",www.haikanbuhin.com,"高所作業車 安全帯 命綱 未着用 墜落 イラスト",92432bbd165e52931f28bd65da904165
84,0084.png,墜落・転落,教育イラスト,"https://www.rent.co.jp/media/koushosagyousha/safety-harness-for-high-altitude-work-vehicles/",www.rent.co.jp,"高所作業車 安全帯 命綱 未着用 墜落 イラスト",27860989f669266e31e64551a0099e64
85,0085.gif,墜落・転落,教育イラスト,"https://kenki-go.com/media/422/",kenki-go.com,"高所作業車 安全帯 命綱 未着用 墜落 イラスト",083f450d42ae6e3c5b9aa2a328410e62
86,0086.png,墜落・転落,教育イラスト,"https://www.irasutoya.com/2019/09/2_21.html",www.irasutoya.com,"高所作業車 安全帯 命綱 未着用 墜落 イラスト",8bfd96f8852a957c3cb5e98e5310099e
87,0087.webp,墜落・転落,教育イラスト,"https://akrobat.jp/archives/column/niyakusagyou",akrobat.jp,"高所作業車 安全帯 命綱 未着用 墜落 イラスト",48e33a23cda1f287d14a808b11c19e2f
88,0088.png,墜落・転落,教育イラスト,"https://www.irasutoya.com/2017/03/blog-post_296.html",www.irasutoya.com,"高所作業車 安全帯 命綱 未着用 墜落 イラスト",737b7fb4fdae8c4abe8cd7a1b4c0ca62
89,0089.png,墜落・転落,教育イラスト,"https://www.irasutoya.com/2019/09/2_21.html",www.irasutoya.com,"高所作業車 安全帯 命綱 未着用 墜落 イラスト",46220a36c7e9035cc687779ec7ab20c8
90,0090.jpg,墜落・転落,実事例図/写真,"https://www.youtube.com/watch?v=okeEGQNaEh4",www.youtube.com,"高所作業車 墜落 死亡災害 事例 厚生労働省",e3f56ce52707c1cd0788e9f7ed4fc17e
91,0091.jpg,墜落・転落,実事例図/写真,"https://www.rodo.co.jp/accident/140069/",www.rodo.co.jp,"高所作業車 墜落 死亡災害 事例 厚生労働省",dd932e03ef2be3032dbfe2d3b7af94e5
92,0092.jpg,墜落・転落,実事例図/写真,"https://www.rent.co.jp/media/knowhow/aerial-work-vehicle-accident/",www.rent.co.jp,"高所作業車 墜落 死亡災害 事例 厚生労働省",36e307f990f3b833acd1c9905c9ed049
93,0093.jpg,墜落・転落,実事例図/写真,"https://anzeninfo.mhlw.go.jp/anzen/sai/sai_new140401.html",anzeninfo.mhlw.go.jp,"高所作業車 墜落 死亡災害 事例 厚生労働省",6a5d7ece33e7fb5d9ccd365dd9488ee8
94,0094.png,墜落・転落,実事例図/写真,"https://www.rodo.co.jp/series/37733/",www.rodo.co.jp,"高所作業車 墜落 死亡災害 事例 厚生労働省",6be674946b6749c2fd7eef9be44c241b
95,0095.jpg,墜落・転落,実事例図/写真,"https://www.rent.co.jp/media/knowhow/aerial-work-vehicle-accident/",www.rent.co.jp,"高所作業車 墜落 死亡災害 事例 厚生労働省",f23852e5d2df56d885736314816d68da
96,0096.jpg,墜落・転落,実事例図/写真,"https://www.youtube.com/watch?v=OCIsTmdgIp0",www.youtube.com,"高所作業車 墜落 死亡災害 事例 厚生労働省",82dfeed5a243b916cd619713c433fc96
97,0097.jpg,墜落・転落,実事例図/写真,"https://www.j-bma.or.jp/h_s_clinic/50684",www.j-bma.or.jp,"高所作業車 墜落 死亡災害 事例 厚生労働省",75f403c80ef694fad6ada5743ff52c5e
98,0098.jpg,墜落・転落,実事例図/写真,"https://www.rodo.co.jp/news/212329/",www.rodo.co.jp,"高所作業車 墜落 死亡災害 事例 厚生労働省",f2f76f76da0d29d2766199998a21bc4c
99,0099.webp,墜落・転落,実事例図/写真,"https://akrobat.jp/issue",akrobat.jp,"高所作業車 墜落 死亡災害 事例 厚生労働省",dc9a0c37c65f8151196eadab5bc391b8
100,0100.jpg,墜落・転落,実事例図/写真,"https://xtech.nikkei.com/atcl/nxt/column/18/00142/00740/",xtech.nikkei.com,"高所作業車 墜落 死亡災害 事例 厚生労働省",437e4ef5bf49c48cfa2b338a5846bea6
101,0101.jpg,墜落・転落,実事例図/写真,"https://www.rodo.co.jp/accident/113391/",www.rodo.co.jp,"高所作業車 墜落 死亡災害 事例 厚生労働省",8fa8b266d53ca776e467f082a24daa9d
102,0102.jpg,墜落・転落,実事例図/写真,"https://www.rodo.co.jp/accident/113394/",www.rodo.co.jp,"高所作業車 墜落 死亡災害 事例 厚生労働省",c25107a9530e9b907bcf13cb26202949
103,0103.png,墜落・転落,実事例図/写真,"https://www.nishikawa-nbc.co.jp/engineer_post/2025/02/25/110749/",www.nishikawa-nbc.co.jp,"高所作業車 墜落 死亡災害 事例 厚生労働省",5b785d7036dc21289bad6d5224254df3
104,0104.jpg,墜落・転落,実事例図/写真,"https://www.youtube.com/watch?v=Ort9zbg6lmA",www.youtube.com,"高所作業車 墜落 死亡災害 事例 厚生労働省",29a43f3f6afb89faf64b3aeebc0728ba
105,0105.webp,墜落・転落,実事例図/写真,"https://ranmeishi.com/anzenkyouiku-tsuiraku-tenraku/",ranmeishi.com,"高所作業車 墜落 死亡災害 事例 厚生労働省",3f10a62860952c329786593c838138cc
106,0106.webp,墜落・転落,実事例図/写真,"https://akrobat.jp/issue",akrobat.jp,"高所作業車 墜落 死亡災害 事例 厚生労働省",11685addc968f06e2230210b13bf07e1
107,0107.jpg,墜落・転落,実事例図/写真,"https://www.rent.co.jp/media/knowhow/aerial-work-vehicle-accident/",www.rent.co.jp,"高所作業車 墜落 死亡災害 事例 厚生労働省",f97afcfb01fb1d3dd0052151c69cd9c5
108,0108.jpg,墜落・転落,実事例図/写真,"https://www.rent.co.jp/media/knowhow/aerial-work-vehicle-accident/",www.rent.co.jp,"高所作業車 墜落 死亡災害 事例 厚生労働省",18946e4d079975774ca102dc9f618e6e
109,0109.png,墜落・転落,実事例図/写真,"https://www.rodo.co.jp/accident/191784/",www.rodo.co.jp,"高所作業車 墜落 死亡災害 事例 厚生労働省",45d1a242b70dca3a789df33aafb1cb39
110,0110.png,墜落・転落,実事例図/写真,"https://koujishi.com/denkikouji/176/",koujishi.com,"高所作業車 墜落 死亡災害 事例 厚生労働省",800e9821ea6eee8a7860da54a048fb37
111,0111.jpg,墜落・転落,実事例図/写真,"https://www.youtube.com/watch?v=7vTppcM5VAE",www.youtube.com,"高所作業車 墜落 死亡災害 事例 厚生労働省",0fb2a1dcfc1dcb041400d71ae132a284
112,0112.jpg,墜落・転落,実事例図/写真,"http://www.sacl.or.jp/case/disaster/high/",www.sacl.or.jp,"高所作業車 墜落 死亡災害 事例 厚生労働省",0b79d330030ba660a42b9c1dec04e260
113,0113.jpg,墜落・転落,実事例図/写真,"https://anzeninfo.mhlw.go.jp/anzen/sai/sai_new090319.html",anzeninfo.mhlw.go.jp,"職場のあんぜんサイト 高所作業車 墜落 災害事例",6c6884db008a393115943a24eddd4224
114,0114.jpg,墜落・転落,実事例図/写真,"https://anzeninfo.mhlw.go.jp/anzen/sai/sai_new150316.html",anzeninfo.mhlw.go.jp,"職場のあんぜんサイト 高所作業車 墜落 災害事例",4a61a9c5f9de1bb72eb930cf1397186e
115,0115.png,墜落・転落,実事例図/写真,"https://www.rodo.co.jp/accident/113391/?industry",www.rodo.co.jp,"職場のあんぜんサイト 高所作業車 墜落 災害事例",129d1fe2d8839278e9a294951d5c359e
116,0116.jpg,墜落・転落,実事例図/写真,"https://www.rent.co.jp/media/knowhow/aerial-work-vehicle-accident/",www.rent.co.jp,"職場のあんぜんサイト 高所作業車 墜落 災害事例",5e58fec8c710750d4617e5f237b0f639
117,0117.jpg,墜落・転落,実事例図/写真,"http://safeconsortium.mhlw.go.jp/anzenproject/concour/2019/sakuhin8/n434.html",safeconsortium.mhlw.go.jp,"職場のあんぜんサイト 高所作業車 墜落 災害事例",6ef8610bbb73a2b455177342d299628b
118,0118.jpg,墜落・転落,実事例図/写真,"http://safeconsortium.mhlw.go.jp/anzenproject/concour/2018/sakuhin8/n250.html",safeconsortium.mhlw.go.jp,"職場のあんぜんサイト 高所作業車 墜落 災害事例",9b69fd8e3111219c155642168d208143
119,0119.jpg,墜落・転落,実事例図/写真,"https://jsite.mhlw.go.jp/iwate-roudoukyoku/news_topics/kantokusho_oshirase/hanamakikantokusyo/anzeneisei_construction.html",jsite.mhlw.go.jp,"職場のあんぜんサイト 高所作業車 墜落 災害事例",c71ea2fbe21d8f296d68067fbf05972f
120,0120.webp,墜落・転落,実事例図/写真,"https://akrobat.jp/archives/column/rakkabutsu",akrobat.jp,"職場のあんぜんサイト 高所作業車 墜落 災害事例",753bf7d41974376446b186c1dc61257a
121,0121.jpg,墜落・転落,実事例図/写真,"https://www.rent.co.jp/media/knowhow/aerial-work-vehicle-accident/",www.rent.co.jp,"職場のあんぜんサイト 高所作業車 墜落 災害事例",afb404cbed207f41e9ab487ee40d43a7
122,0122.jpg,墜落・転落,実事例図/写真,"https://www.rent.co.jp/media/knowhow/aerial-work-vehicle-accident/",www.rent.co.jp,"職場のあんぜんサイト 高所作業車 墜落 災害事例",b0799e99521c8c3fa3729ba40c0b0f14
123,0123.jpg,墜落・転落,実事例図/写真,"https://anzeninfo.mhlw.go.jp/anzenproject/concour/2016/sakuhin7/n379.html",anzeninfo.mhlw.go.jp,"職場のあんぜんサイト 高所作業車 墜落 災害事例",d1629234efb2d505c4633d2b0df46d77
124,0124.jpg,墜落・転落,実事例図/写真,"https://www.rent.co.jp/media/knowhow/aerial-work-vehicle-accident/",www.rent.co.jp,"職場のあんぜんサイト 高所作業車 墜落 災害事例",70dbc65aa1b9193da6f70ebacdf60bd2
125,0125.jpg,墜落・転落,実事例図/写真,"https://www.rent.co.jp/media/knowhow/aerial-work-vehicle-accident/",www.rent.co.jp,"職場のあんぜんサイト 高所作業車 墜落 災害事例",787c1062c30fde260718e42c1bc70ec1
126,0126.jpg,墜落・転落,実事例図/写真,"https://www.rent.co.jp/media/knowhow/aerial-work-vehicle-accident/",www.rent.co.jp,"職場のあんぜんサイト 高所作業車 墜落 災害事例",7ffe7c13480129d5a2f21c0f2ba40f24
127,0127.jpg,墜落・転落,実事例図/写真,"https://www.sacl.or.jp/case/disaster/high/",www.sacl.or.jp,"高所作業車 転落 災害事例 建災防",07e266655be9b4a45ae1797bfeb45338
128,0128.png,墜落・転落,実事例図/写真,"https://www.rodo.co.jp/series/37728/",www.rodo.co.jp,"高所作業車 転落 災害事例 建災防",b5051d0a82b414321926864e9ebb28ac
129,0129.png,墜落・転落,実事例図/写真,"https://cbo.craft-bank.com/article/detail/disaster-case/",cbo.craft-bank.com,"高所作業車 転落 災害事例 建災防",4cca79be570aff08c5e31945dc4236ad
130,0130.jpg,墜落・転落,実事例図/写真,"https://www.kensaibou.or.jp/safe_tech/foreign_worker_education/japanese/example_of_accidents/falls/",www.kensaibou.or.jp,"高所作業車 転落 災害事例 建災防",4624b43506e775334939d94459fe2d5d
131,0131.jpg,墜落・転落,実事例図/写真,"https://www.rodo.co.jp/accident/140965/",www.rodo.co.jp,"高所作業車 転落 災害事例 建災防",47037a2bf88f0a2773872075a2ddac8a
132,0132.jpg,墜落・転落,実事例図/写真,"https://www.ipros.com/product/detail/2000836883/",www.ipros.com,"高所作業車 転落 災害事例 建災防",3e819b26032215a6745dad317625a848
133,0133.jpg,墜落・転落,実事例図/写真,"https://www.kensaibou.or.jp/safe_tech/foreign_worker_education/japanese/example_of_accidents/falls/",www.kensaibou.or.jp,"高所作業車 転落 災害事例 建災防",d32e3fe2f7901f074325080a09a8843a
134,0134.jpg,墜落・転落,実事例図/写真,"https://www.tokubetu.or.jp/4537",www.tokubetu.or.jp,"高所作業車 墜落 災害事例 図",eb5a5e8b98f412d897df1307456d1f85
135,0135.jpg,墜落・転落,実事例図/写真,"https://www.youtube.com/shorts/Ort9zbg6lmA",www.youtube.com,"高所作業車 墜落 災害事例 図",1ad95eb3cab9d9c47b81534d5e697e08
136,0136.webp,墜落・転落,教育イラスト,"https://www.dreamstime.com/illustration-falling-work-platform-as-common-hazard-aerial-safety-man-boom-lift-pure-vector-image321250577",www.dreamstime.com,"aerial work platform fall from bucket accident illustration",cec6ff4c905cbc1a56a75ea21f6d9c46
137,0137.webp,墜落・転落,教育イラスト,"https://www.dreamstime.com/fall-work-platform-hazard-scissor-lift-safety-concept-vector-silhouettes-fall-work-platform-hazard-scissor-lift-safety-image248056329",www.dreamstime.com,"aerial work platform fall from bucket accident illustration",dadcd26dcd39978b02a77fec35b08a05
138,0138.png,墜落・転落,教育イラスト,"https://dailyxenangnguoi.com/en/hazards-when-operating-aerial-work-platforms/",dailyxenangnguoi.com,"aerial work platform fall from bucket accident illustration",6538e96716fb95d732c437dbf1a6c044
139,0139.png,墜落・転落,教育イラスト,"https://www.forkliftacademy.com/understanding-what-is-an-aerial-work-platform/",www.forkliftacademy.com,"aerial work platform fall from bucket accident illustration",e1df44c802189b43092649bfb581c736
140,0140.jpg,墜落・転落,教育イラスト,"https://www.istockphoto.com/illustrations/factory-accident",www.istockphoto.com,"aerial work platform fall from bucket accident illustration",229ff4b9761ace00aec12c1462b32c76
141,0141.webp,墜落・転落,教育イラスト,"https://aaasafedubai.com/tips-for-effective-fall-protection-in-aerial-lift/",aaasafedubai.com,"aerial work platform fall from bucket accident illustration",bb8389d585f436432a09e63881e530cf
142,0142.webp,墜落・転落,教育イラスト,"https://www.shutterstock.com/search/excavator-accident?image_type=vector",www.shutterstock.com,"aerial work platform fall from bucket accident illustration",14caf76c42627edfc377ba40cbcc77f1
143,0143.jpg,墜落・転落,教育イラスト,"http://www.fluidpowersafety.com/fpsi_alert-24.html",www.fluidpowersafety.com,"aerial work platform fall from bucket accident illustration",2e849dcaf17577dfd63d9cfc31363152
144,0144.jpg,墜落・転落,教育イラスト,"https://www.istockphoto.com/vector/fall-accident-from-scaffolding-gm1404199095-456487851",www.istockphoto.com,"aerial work platform fall from bucket accident illustration",004ebfbd83b41a0ca0abe8cac3efc814
145,0145.webp,墜落・転落,教育イラスト,"https://kirinlift.com/aerial-work-platform-safety-the-complete-guide/",kirinlift.com,"aerial work platform fall from bucket accident illustration",5297ef8e0b0df3e5fa93b006df027b7d
146,0146.webp,墜落・転落,教育イラスト,"https://www.slideshare.net/slideshow/aerial-lift-safety/260409238",www.slideshare.net,"aerial work platform fall from bucket accident illustration",42cccf97b520c07c6ab58d0d366c0ae0
147,0147.webp,墜落・転落,教育イラスト,"https://www.dreamstime.com/danger-falling-different-levels-loading-docks-fall-hazard-work-accident-prevention-security-first-industrial-safety-image256737287",www.dreamstime.com,"aerial work platform fall from bucket accident illustration",a3584ebf5e57addc66e6286b7792fe16
148,0148.jpg,墜落・転落,教育イラスト,"https://www.shutterstock.com/search/aerial-work-platform-safety",www.shutterstock.com,"aerial work platform fall from bucket accident illustration",2f1b6483cb5ad1e3bf208e84046e531d
149,0149.webp,墜落・転落,教育イラスト,"https://www.dreamstime.com/worker-has-fall-ladder-accident-workplace-negligence-industrial-safety-occupational-health-work-vector-image254833394",www.dreamstime.com,"aerial work platform fall from bucket accident illustration",e58221e8294afde9ba7d4c7783703eef
150,0150.jpg,墜落・転落,教育イラスト,"https://www.istockphoto.com/vector/aerial-work-platform-bucket-truck-icon-in-flat-style-vector-illustration-gm1947147547-556959048",www.istockphoto.com,"aerial work platform fall from bucket accident illustration",685be104fdf432417e61c3ec27b01449
151,0151.jpg,墜落・転落,教育イラスト,"https://ar.inspiredpencil.com/pictures-2023/work-accident-clipart",ar.inspiredpencil.com,"aerial work platform fall from bucket accident illustration",eb5d465c281346e17b674009c4eb0bc2
152,0152.jpg,墜落・転落,教育イラスト,"https://stock.adobe.com/fr/images/slip-and-fall-vector-illustration-safety-and-accident-industrial-safety-cartoon/272557579",stock.adobe.com,"aerial work platform fall from bucket accident illustration",e5d082e76a0a27d9b0e95950b9b9ac45
153,0153.jpg,墜落・転落,教育イラスト,"https://www.istockphoto.com/vector/aerial-work-platform-bucket-truck-icon-in-flat-style-vector-illustration-gm1947147737-556959044",www.istockphoto.com,"aerial work platform fall from bucket accident illustration",ed2d33d0300123ac29864100089475ca
154,0154.webp,墜落・転落,教育イラスト,"https://atomoving.com/blog/aerial-work-platform/aerial-work-platform-safety-and-inspection-best-practices-08012026-upgrade/",atomoving.com,"aerial work platform fall from bucket accident illustration",84f0a20ecf2a5695da51cc4fdc6662e0
155,0155.jpg,墜落・転落,教育イラスト,"https://www.freepik.com/premium-vector/silhouette-of-aerial-work-platform-bucket-truck_143491151.htm",www.freepik.com,"aerial work platform fall from bucket accident illustration",1fc7e3ec14d7a584d28636be61773185
156,0156.jpg,墜落・転落,教育イラスト,"https://www.freepik.com/premium-vector/aerial-work-platform-bucket-truck-icon_143493936.htm",www.freepik.com,"aerial work platform fall from bucket accident illustration",b1bcfb2b4490c47617848d1db669cd10
157,0157.jpg,墜落・転落,教育イラスト,"https://www.freepik.com/premium-vector/aerial-work-platform-bucket-truck-icon_143493911.htm",www.freepik.com,"aerial work platform fall from bucket accident illustration",646720a428baa6a062420249aaa8009d
158,0158.webp,墜落・転落,教育イラスト,"https://www.dreamstime.com/illustration/aerial-work-platform.html",www.dreamstime.com,"aerial work platform fall from bucket accident illustration",7f03b345fc920a38faa6bbbc82573d38
159,0159.jpg,墜落・転落,教育イラスト,"https://www.freepik.com/premium-vector/aerial-work-platform-bucket-truck-icon_143493940.htm",www.freepik.com,"aerial work platform fall from bucket accident illustration",abf498daa951638d785e1c2f56d9e530
160,0160.jpg,墜落・転落,教育イラスト,"https://www.freepik.com/premium-vector/silhouette-of-aerial-work-platform-bucket-truck_143491143.htm",www.freepik.com,"aerial work platform fall from bucket accident illustration",f8e576691546927feecfe801401eeeba
161,0161.jpg,墜落・転落,教育イラスト,"https://www.istockphoto.com/illustrations/work-accident",www.istockphoto.com,"aerial work platform fall from bucket accident illustration",60a6d0927613be9901934e1e6366ba89
162,0162.webp,墜落・転落,教育イラスト,"https://ar.inspiredpencil.com/pictures-2023/work-accident-clipart",ar.inspiredpencil.com,"aerial work platform fall from bucket accident illustration",7f10a683f6a70f05ee83a1c67d4f3403
163,0163.webp,墜落・転落,教育イラスト,"https://atomoving.com/blog/aerial-work-platform/understanding-aerial-work-platforms-design-use-and-maintenance-insights-02012026/",atomoving.com,"aerial work platform fall from bucket accident illustration",e074bd9d436c1d9966027620c704eb4b
164,0164.jpg,墜落・転落,教育イラスト,"https://www.shutterstock.com/search/aerial-work-platform-safety",www.shutterstock.com,"aerial work platform fall from bucket accident illustration",87464d9d5c8c2909626b17fbe212431b
165,0165.jpg,墜落・転落,教育イラスト,"https://www.istockphoto.com/illustrations/work-accident-icon",www.istockphoto.com,"aerial work platform fall from bucket accident illustration",4073c16d47e7a5548c1f1ad857cd4c14
166,0166.jpg,墜落・転落,教育イラスト,"https://en.ac-illust.com/clip-art/26806790/illustration-of-aerial-work-platform",en.ac-illust.com,"aerial work platform fall from bucket accident illustration",9034b029ae742bc78d2f932bbab882d2
167,0167.webp,墜落・転落,教育イラスト,"https://www.shutterstock.com/search/aerial-work-platform-icon?image_type=illustration",www.shutterstock.com,"aerial work platform fall from bucket accident illustration",145a13458188cee4b0ee9a34f033a45a
168,0168.jpg,墜落・転落,教育イラスト,"https://www.accesshire.net/6-steps-to-use-a-boom-lift-safely/",www.accesshire.net,"boom lift worker fall safety harness illustration",07601a9000e0a498ae83a9c869966436
169,0169.jpg,墜落・転落,教育イラスト,"https://www.vecteezy.com/vector-art/66246846-safety-harness-equipment-for-construction-construction-worker-safety-first-design",www.vecteezy.com,"boom lift worker fall safety harness illustration",e635ef396a9805520971d8a4d68f4e58
170,0170.webp,墜落・転落,教育イラスト,"https://www.shutterstock.com/image-vector/front-view-man-worker-full-body-2524724329",www.shutterstock.com,"boom lift worker fall safety harness illustration",86517112a7de46da7f183ec6d4acfd07
171,0171.webp,墜落・転落,教育イラスト,"https://fity.club/lists/suggestions/animated-safety-clip-art/",fity.club,"boom lift worker fall safety harness illustration",d352850bac278c6c6084c9a585db2f1b
172,0172.png,墜落・転落,教育イラスト,"https://mysafetyworks.com.au/product/working-at-height-rescue-plan/",mysafetyworks.com.au,"boom lift worker fall safety harness illustration",79175ab7fbd999cf1094912bcd0a169e
173,0173.webp,墜落・転落,教育イラスト,"https://www.dreamstime.com/industrial-worker-safety-harness-working-height-industrial-worker-safety-harness-working-height-image197652949",www.dreamstime.com,"boom lift worker fall safety harness illustration",1fd6c26b10d98f90f279337206b2da53
174,0174.webp,墜落・転落,教育イラスト,"https://www.shutterstock.com/image-vector/full-body-safety-harness-fall-protection-2526650575",www.shutterstock.com,"boom lift worker fall safety harness illustration",36c8c1e7f7c7e28c88d62dd41fc9ac0f
175,0175.webp,墜落・転落,教育イラスト,"https://www.shutterstock.com/search/site-worker-with-harness-vector",www.shutterstock.com,"boom lift worker fall safety harness illustration",0599071db55ebffacbf4cebf40115f8f
176,0176.webp,墜落・転落,教育イラスト,"https://cartoondealer.com/image/186701435/safety-harness-equipment-lanyard-work-heights.html",cartoondealer.com,"boom lift worker fall safety harness illustration",661f5201df9b255ba1f14b7b81907fb3
177,0177.jpg,墜落・転落,教育イラスト,"https://stock.adobe.com/images/vector-illustration-of-worker-fully-tied-off-the-safety-harness-on-the-railing-anchorage-proper-connection-of-personal-protective-equipment-for-working-at-height-stick-character/653228985",stock.adobe.com,"boom lift worker fall safety harness illustration",1b47299a3c11fadc432b267f5e153afa
178,0178.webp,墜落・転落,教育イラスト,"https://www.shutterstock.com/search/safety-harness-sign",www.shutterstock.com,"boom lift worker fall safety harness illustration",b1bd319eea9ebc956c4d765d36ecf733
179,0179.webp,墜落・転落,教育イラスト,"https://www.dreamstime.com/workplace-golden-safety-rule-wear-safety-harness-working-heights-protect-yourself-against-fall-workplace-golden-safety-image246401457",www.dreamstime.com,"boom lift worker fall safety harness illustration",b9bef0f89ba44d92d5286514296868d2
180,0180.webp,墜落・転落,教育イラスト,"https://www.shutterstock.com/search/safety-harness-wearing-procedure-illustartion?image_type=illustration",www.shutterstock.com,"boom lift worker fall safety harness illustration",0b555185e80763474c22c914cf781903
181,0181.jpg,墜落・転落,教育イラスト,"https://stock.adobe.com/es/images/full-body-harness-icon-safety-sign-full-body-harness-symbol-for-working-at-height-personal-protective-equipment-vector-illustration/573980184",stock.adobe.com,"boom lift worker fall safety harness illustration",d34a87c9bbba8278de89a0b2d57a2eed
182,0182.webp,墜落・転落,教育イラスト,"https://safewaze.com/does-your-fall-protection-harness-fit/",safewaze.com,"boom lift worker fall safety harness illustration",a234d6c23db15f9ffa35fe7d55225ee9
183,0183.gif,墜落・転落,教育イラスト,"https://www.compliancesigns.com/blog/the-basics-of-boom-lift-safety-for-operators/",www.compliancesigns.com,"boom lift worker fall safety harness illustration",b16b815ddfda9c323ce94eeb3ecbe77f
184,0184.jpg,墜落・転落,教育イラスト,"https://www.accesshire.net/6-steps-to-use-a-boom-lift-safely/",www.accesshire.net,"boom lift worker fall safety harness illustration",2b0d0a8f41685a6ba69a461bbddae518
185,0185.jpg,墜落・転落,教育イラスト,"https://www.istockphoto.com/illustrations/safety-harness",www.istockphoto.com,"boom lift worker fall safety harness illustration",43885b26db6654850738bf93f4f217ae
186,0186.jpg,墜落・転落,教育イラスト,"https://www.istockphoto.com/illustrations/ladder-harness",www.istockphoto.com,"boom lift worker fall safety harness illustration",89889f34c05c53f8d969fbcfab557220
187,0187.webp,墜落・転落,教育イラスト,"https://www.atlantictraining.com/blog/fall-protection-harness-stock-photo/",www.atlantictraining.com,"boom lift worker fall safety harness illustration",6a78420ab308f2eda89dd76b11a2f49d
188,0188.webp,墜落・転落,教育イラスト,"https://www.dreamstime.com/isolated-construction-worker-wearing-safety-harness-using-personal-protective-equipment-to-protect-against-fall-isolated-image246505556",www.dreamstime.com,"boom lift worker fall safety harness illustration",cca8150d6f8eb27c0beca9fecc5ff435
189,0189.webp,墜落・転落,教育イラスト,"https://fcsafety.com/blog/aerial-lift-fall-protection-requirements/",fcsafety.com,"boom lift worker fall safety harness illustration",43c77cdd4d91430888a3c2f77508fb34
190,0190.jpg,墜落・転落,教育イラスト,"https://www.vecteezy.com/free-vector/manlift",www.vecteezy.com,"boom lift worker fall safety harness illustration",98c9af18581f18ef892e20bb752f38f7
191,0191.jpg,墜落・転落,教育イラスト,"https://whyps.com/7-safety-tips-for-operating-a-boom-lift",whyps.com,"boom lift worker fall safety harness illustration",df50c3e3b8ad529fc19d53637e54b8f9
192,0192.webp,墜落・転落,教育イラスト,"https://storage.googleapis.com/dwatuebycofkxe/parts-of-a-fall-protection-harness.html",storage.googleapis.com,"boom lift worker fall safety harness illustration",3b50973dd1da31ca89fb053da4bcc456
193,0193.webp,墜落・転落,教育イラスト,"https://www.shutterstock.com/search/cartoon-worker-falls",www.shutterstock.com,"boom lift worker fall safety harness illustration",1651696e38f1da95bf6f6f38a8c4ed92
194,0194.jpg,墜落・転落,教育イラスト,"https://www.istockphoto.com/illustrations/work-safety-belt",www.istockphoto.com,"boom lift worker fall safety harness illustration",99e9418456a1b75176061e5d54b5539e
195,0195.jpg,墜落・転落,教育イラスト,"https://www.istockphoto.com/id/vektor/jatuh-dari-platform-kerja-gm1399009509-452988516",www.istockphoto.com,"scissor lift fall accident hiyari hatto illustration",a173c7a8f14cca3e816e0edd8aab5595
196,0196.webp,墜落・転落,教育イラスト,"https://www.dreamstime.com/illustration/scissor-lift-safety.html",www.dreamstime.com,"scissor lift fall accident hiyari hatto illustration",a943f147a92c89a3546e54090b547390
197,0197.png,墜落・転落,教育イラスト,"https://www.osha.gov/etools/scaffolding/scissor-lifts",www.osha.gov,"scissor lift fall accident hiyari hatto illustration",23e8ac5d9790786b053acf59bb5c8538
198,0198.jpg,墜落・転落,教育イラスト,"https://www.vecteezy.com/vector-art/46596820-illustration-of-scissor-lift",www.vecteezy.com,"scissor lift fall accident hiyari hatto illustration",23cf9db858a1149ea87640700c0d55c5
199,0199.jpg,墜落・転落,教育イラスト,"https://www.safteng.net/scissor-lift-failure-accident/",www.safteng.net,"scissor lift fall accident hiyari hatto illustration",f104d323b46123f8446f74bb3d26173b
200,0200.jpg,墜落・転落,教育イラスト,"https://www.vecteezy.com/vector-art/51804545-injured-worker-fall-accident-line-drawn-doodle",www.vecteezy.com,"scissor lift fall accident hiyari hatto illustration",6072d0558ef7c7d15abad3aa673109b5
201,0201.jpg,墜落・転落,教育イラスト,"https://www.vecteezy.com/free-vector/scissor-lift",www.vecteezy.com,"scissor lift fall accident hiyari hatto illustration",adbcd63837a6d0a9a77a97db75dc64f3
202,0202.webp,墜落・転落,教育イラスト,"https://kirinlift.com/scissor-lift-fall-protection/",kirinlift.com,"scissor lift fall accident hiyari hatto illustration",07ece043c4d37560c2030c805209ecd5
203,0203.webp,墜落・転落,教育イラスト,"https://atomoving.com/blog/aerial-work-platform/scissor-lift-harness-requirements-when-is-fall-protection-required-18022026-new/",atomoving.com,"scissor lift fall accident hiyari hatto illustration",b0a9323b323ae35a2c58cc89f9c08f6e
204,0204.webp,墜落・転落,教育イラスト,"https://atomoving.com/blog/aerial-work-platform/scissor-lift-harness-requirements-when-is-fall-protection-required-18022026-new/",atomoving.com,"scissor lift fall accident hiyari hatto illustration",0299f737b9bf5499751b50aaf117ee5f
205,0205.webp,墜落・転落,教育イラスト,"https://atomoving.com/blog/aerial-work-platform/scissor-lift-fall-protection-harness-use-and-safety-rules-12012026-upgrade/",atomoving.com,"scissor lift fall accident hiyari hatto illustration",0b06e32810fe44c25185455395ca89ad
206,0206.jpg,墜落・転落,教育イラスト,"https://www.vecteezy.com/vector-art/20544828-vector-illustration-color-children-construction-workers-and-mini-scissor-lift-construction-machine-clipart",www.vecteezy.com,"scissor lift fall accident hiyari hatto illustration",485ed5d2ad35cc0144fc04b9623d8b13
207,0207.webp,墜落・転落,教育イラスト,"https://storage.googleapis.com/doryytcjwghbee/forklift-overload-accident.html",storage.googleapis.com,"scissor lift fall accident hiyari hatto illustration",4a37b44bff41ef25cc0c28e39dc9b97e
208,0208.jpg,墜落・転落,教育イラスト,"https://stock.adobe.com/images/collision-during-forklift-operation-vector-illustration-safety-and-accident-industrial-safety-cartoon/272960329",stock.adobe.com,"scissor lift fall accident hiyari hatto illustration",c00a2d0dad9929f6a229328b9087ffa6
209,0209.jpg,墜落・転落,教育イラスト,"https://en.ac-illust.com/clip-art/22620423/forklift-accident---danger---industrial-accident-1",en.ac-illust.com,"scissor lift fall accident hiyari hatto illustration",b3deeaf9e0225411b5d42774f6732724
210,0210.jpg,墜落・転落,教育イラスト,"https://www.istockphoto.com/fr/vectoriel/chariot-élévateur-qui-cause-des-blessures-corporelles-gm1377492699-442579165",www.istockphoto.com,"scissor lift fall accident hiyari hatto illustration",1922562c02e29dba2fea7c23226ee748
211,0211.webp,墜落・転落,教育イラスト,"https://www.dreamstime.com/illustration/scissor-lift-safety.html",www.dreamstime.com,"scissor lift fall accident hiyari hatto illustration",1bce1937e46d6a379599d6b171f4cc52
212,0212.jpg,墜落・転落,教育イラスト,"https://in.pinterest.com/pin/forklift-maintenance-check-repair-safety-and-accident-industrial-safety-cartoon-vector-illustration--854346991821497642/",in.pinterest.com,"scissor lift fall accident hiyari hatto illustration",355df65c7b1767c554020c942650497f
213,0213.webp,墜落・転落,教育イラスト,"https://www.dreamstime.com/illustration/accident-scissors.html",www.dreamstime.com,"scissor lift fall accident hiyari hatto illustration",a8d60c204bfa7665994d5d73f43d8bf1
214,0214.webp,墜落・転落,教育イラスト,"https://www.pond5.com/artist/hsewijastoro215",www.pond5.com,"scissor lift fall accident hiyari hatto illustration",87b59ad40184070d7e2f6d916ce121a2
215,0215.jpg,墜落・転落,注意喚起ポスター,"https://ca.pinterest.com/pin/working-at-height-safety--633600241351686790/",ca.pinterest.com,"aerial lift fall from height worker accident poster",356a3ada4813a50aaa494212498c796c
216,0216.webp,墜落・転落,注意喚起ポスター,"https://regsauthority.com/products/aerial-scissor-lift-safety-poster",regsauthority.com,"aerial lift fall from height worker accident poster",6af79aa89407e6f19ea1b1573f922eaf
217,0217.webp,墜落・転落,注意喚起ポスター,"https://www.slideshare.net/slideshow/aerial-lift-safety/260409238",www.slideshare.net,"aerial lift fall from height worker accident poster",0869bb4eae46ae0240da44152a3dcd4c
218,0218.webp,墜落・転落,注意喚起ポスター,"https://blog.gosafe.com/fall-protection-in-aerial-lifts-how-to-comply-with-the-osha-standards",blog.gosafe.com,"aerial lift fall from height worker accident poster",4733697fc4d383822a22b779244acbdc
219,0219.png,墜落・転落,注意喚起ポスター,"https://fity.club/lists/k/kids-learn-safety-accident-prevention-lift-safety-for-kids-lift-safety/",fity.club,"aerial lift fall from height worker accident poster",80fe0f77b017e9f2f593b1c10ae480f6
220,0220.webp,墜落・転落,注意喚起ポスター,"https://www.slideshare.net/slideshow/aerial-lift-safety/260409238",www.slideshare.net,"aerial lift fall from height worker accident poster",764a77097e40c852be585eb4632c72ce
221,0221.webp,墜落・転落,注意喚起ポスター,"https://www.shutterstock.com/search/working-height-safety-poster",www.shutterstock.com,"aerial lift fall from height worker accident poster",d975b61ef688db0ce58231c6e8b33792
222,0222.jpg,墜落・転落,注意喚起ポスター,"https://buysafetyposters.com/Details/Health-Safety-Posters/Construction-Safety-Posters/P101156-A-10-491",buysafetyposters.com,"aerial lift fall from height worker accident poster",8e6bdbd602292c8959968296010c9919
223,0223.webp,墜落・転落,注意喚起ポスター,"https://www.commodious.co.uk/knowledge-bank/hazards/working-at-height/beginners-guide-scissor-lift-safety",www.commodious.co.uk,"aerial lift fall from height worker accident poster",cf57533a706e45ef9fdeba111bfba73e
224,0224.jpg,墜落・転落,注意喚起ポスター,"https://buysafetyposters.com/Details/Health-Safety-Environment/Construction-Safety-Posters/P101156-A-10-491",buysafetyposters.com,"aerial lift fall from height worker accident poster",ea45a7d3d6269a4708a164cf3c182530
225,0225.webp,墜落・転落,注意喚起ポスター,"https://www.shutterstock.com/search/working-height-safety-poster",www.shutterstock.com,"aerial lift fall from height worker accident poster",13da0d0fc9dfa2a76b164c6de1a4297d
226,0226.webp,墜落・転落,注意喚起ポスター,"https://www.slideshare.net/slideshow/aerial-lift-safety-training-259577528/259577528",www.slideshare.net,"aerial lift fall from height worker accident poster",56f11a89389113007b35e9d1597d708c
227,0227.jpg,墜落・転落,注意喚起ポスター,"https://slidetodoc.com/aerial-work-platform-safety-29-cfr-1910-67/",slidetodoc.com,"aerial lift fall from height worker accident poster",2b6bd0d053db7bbe259b891e39ee38fc
228,0228.jpg,墜落・転落,注意喚起ポスター,"https://www.vecteezy.com/free-vector/working-at-height",www.vecteezy.com,"aerial lift fall from height worker accident poster",da9337d9dc3c636ab3014e84a15d45c8
229,0229.jpg,墜落・転落,注意喚起ポスター,"https://stock.adobe.com/images/worker-has-a-fall-from-a-ladder-in-an-accident-and-workplace-negligence-industrial-safety-and-occupational-health-at-work/526953449",stock.adobe.com,"aerial lift fall from height worker accident poster",ea5edd5b55c6863fe2b292d811ea345c
230,0230.jpg,墜落・転落,注意喚起ポスター,"https://www.pinterest.com/pin/554365035352315720/",www.pinterest.com,"aerial lift fall from height worker accident poster",2700dfd878233a96b7f5b15375773164
231,0231.jpg,墜落・転落,注意喚起ポスター,"https://www.alamy.com/worker-falling-from-ladder-workplace-accident-or-construction-safety-concept-flat-cartoon-character-vector-isolated-on-a-white-background-image386126713.html",www.alamy.com,"aerial lift fall from height worker accident poster",4166dbf49ef5fa07e8c2dd1ad713a34d
232,0232.jpg,墜落・転落,注意喚起ポスター,"https://clipground.com/aerial-lift-tip-over-clipart.html",clipground.com,"aerial lift fall from height worker accident poster",581ff52b7598a608caf52f87fdb93958
233,0233.webp,墜落・転落,注意喚起ポスター,"https://www.trackedlifts.com/learning-center/blog/aerial-lift-key-terms-you-need-to-know",www.trackedlifts.com,"aerial lift fall from height worker accident poster",a3e19ebf04d699373550562dcd70ca91
234,0234.png,墜落・転落,注意喚起ポスター,"https://www.aviationhunt.com/working-at-heights/",www.aviationhunt.com,"aerial lift fall from height worker accident poster",5d8351e31074139f0302135d4a508e53
235,0235.webp,墜落・転落,注意喚起ポスター,"https://safetymadesimple.com/fall-protection-calculations/",safetymadesimple.com,"aerial lift fall from height worker accident poster",c0f56d2d527e4365a35581e8068a12af
236,0236.jpg,墜落・転落,注意喚起ポスター,"https://fity.club/lists/o/osha-icon/",fity.club,"aerial lift fall from height worker accident poster",5b7edabc0da200cdc51d748972f58795
237,0237.webp,挟まれ・巻き込まれ,教育イラスト,"https://pixta.jp/illustration/54067573",pixta.jp,"高所作業車 挟まれ 災害 イラスト",abba81d2bfee4a1d95b129cef9a997ba
238,0238.jpg,挟まれ・巻き込まれ,教育イラスト,"https://www.ac-illust.com/main/detail.php?id=1185123",www.ac-illust.com,"高所作業車 挟まれ 災害 イラスト",5f00a8a54c880ec7838984bc4d7bc048
239,0239.png,挟まれ・巻き込まれ,教育イラスト,"https://dx-e.net/column/safety-and-health-230206/",dx-e.net,"高所作業車 挟まれ 災害 イラスト",dfc5107fd909e2514d1b2fa128dd9519
240,0240.png,挟まれ・巻き込まれ,教育イラスト,"https://www.ipros.com/product/detail/2001534114/",www.ipros.com,"高所作業車 挟まれ 災害 イラスト",7b7eae63fd69ba094147b12d48b1b621
241,0241.jpg,挟まれ・巻き込まれ,教育イラスト,"https://www.kensaibou.or.jp/safe_tech/foreign_worker_education/japanese/example_of_accidents/getting_caught/index.html",www.kensaibou.or.jp,"高所作業車 挟まれ 災害 イラスト",d96e671c60cacd9a4838ee4eb9d03d91
242,0242.jpg,挟まれ・巻き込まれ,教育イラスト,"https://www.rodo.co.jp/series/106163/2/",www.rodo.co.jp,"高所作業車 挟まれ 天井 鉄骨 事故 イラスト",ae618002ef74b8dd206c321552286f1d
243,0243.jpg,挟まれ・巻き込まれ,教育イラスト,"https://www.rodo.co.jp/series/177266/",www.rodo.co.jp,"高所作業車 挟まれ 天井 鉄骨 事故 イラスト",df86800e01888b72a297d4a66bf67804
244,0244.png,挟まれ・巻き込まれ,教育イラスト,"https://ebipop.com/kousyo/",ebipop.com,"高所作業車 挟まれ 天井 鉄骨 事故 イラスト",f110188e3ef648af9f69ce27449cc727
245,0245.jpg,挟まれ・巻き込まれ,教育イラスト,"https://www.photolibrary.jp/img230/163019_1708269.html",www.photolibrary.jp,"高所作業車 挟まれ 天井 鉄骨 事故 イラスト",709befbd73f9e9b986262a7ae429b8cf
246,0246.webp,挟まれ・巻き込まれ,教育イラスト,"https://ranmeishi.com/anzenkyouiku-tsuiraku-tenraku/",ranmeishi.com,"高所作業車 挟まれ 天井 鉄骨 事故 イラスト",2318077dbcf6f163377c2d599ac3a582
247,0247.jpg,挟まれ・巻き込まれ,教育イラスト,"https://www.ac-illust.com/main/detail.php?id=26347821",www.ac-illust.com,"高所作業車 バケット 挟まれ 上昇 災害 イラスト",25f638c8cd697e8ae7783ab46f8df48c
248,0248.jpg,挟まれ・巻き込まれ,教育イラスト,"https://www.ac-illust.com/main/detail.php?id=687960&word=%E9%AB%98%E6%89%80%E4%BD%9C%E6%A5%AD%E8%BB%8A",www.ac-illust.com,"高所作業車 バケット 挟まれ 上昇 災害 イラスト",359813362dfa4e43d7612ede4a5e7440
249,0249.png,挟まれ・巻き込まれ,教育イラスト,"https://illust.startoo.co/norimono/7000/",illust.startoo.co,"高所作業車 バケット 挟まれ 上昇 災害 イラスト",fb2c872fee2c916f48947228779a5746
250,0250.png,挟まれ・巻き込まれ,教育イラスト,"https://koujishi.com/denkikouji/176/",koujishi.com,"高所作業車 挟まれ 上部構造物 頭部 災害 イラスト",dc2ca60c38ce9689c7ff18fb8cf7af35
251,0251.gif,挟まれ・巻き込まれ,KYT教材,"https://anzeninfo.mhlw.go.jp/hiyari/07.html",anzeninfo.mhlw.go.jp,"高所作業車 巻き込まれ ヒヤリハット KYT イラスト",5b7de7c4c6b664d25b9e3b054647d73d
252,0252.png,挟まれ・巻き込まれ,KYT教材,"https://tebiki.jp/genba/useful/near-miss-accident-examlples-factory/",tebiki.jp,"高所作業車 巻き込まれ ヒヤリハット KYT イラスト",4dbab4f6db2459c0ee9b9eae186beb9a
253,0253.jpg,挟まれ・巻き込まれ,KYT教材,"https://www.sacl.or.jp/case/unsafe/",www.sacl.or.jp,"高所作業車 巻き込まれ ヒヤリハット KYT イラスト",b8c8086780455b4d4c9b58142c6c5a5a
254,0254.jpg,挟まれ・巻き込まれ,KYT教材,"https://om.lakeel.com/column/detail24/",om.lakeel.com,"高所作業車 巻き込まれ ヒヤリハット KYT イラスト",5fc212abbf8b12af65405aef5efc59f6
255,0255.webp,挟まれ・巻き込まれ,KYT教材,"https://pixta.jp/illustration/101466327",pixta.jp,"高所作業車 巻き込まれ ヒヤリハット KYT イラスト",a892e6b06a582196d481089be3fb6f95
256,0256.webp,挟まれ・巻き込まれ,KYT教材,"https://pixta.jp/illustration/95735360",pixta.jp,"高所作業車 巻き込まれ ヒヤリハット KYT イラスト",9fc3a1f412c496d64153238c1c040baa
257,0257.gif,挟まれ・巻き込まれ,KYT教材,"https://anzeninfo.mhlw.go.jp/hiyari/07.html",anzeninfo.mhlw.go.jp,"高所作業車 巻き込まれ ヒヤリハット KYT イラスト",5da6e36a214b29e90d9aff7a0858a4c7
258,0258.jpg,挟まれ・巻き込まれ,KYT教材,"https://marketing.nitto-lmaterials.com/column/warehouse_work_kyt/",marketing.nitto-lmaterials.com,"高所作業車 巻き込まれ ヒヤリハット KYT イラスト",cba86c2d02e859578be23a0794f398e9
259,0259.webp,挟まれ・巻き込まれ,KYT教材,"https://pixta.jp/illustration/11805668",pixta.jp,"高所作業車 巻き込まれ ヒヤリハット KYT イラスト",bc57f9ac1cc2bbf51b669e1a4956f0fb
260,0260.webp,挟まれ・巻き込まれ,KYT教材,"https://pixta.jp/illustration/105829611",pixta.jp,"高所作業車 巻き込まれ ヒヤリハット KYT イラスト",2c6ba7c81ac934594371f9c3e9617510
261,0261.jpg,挟まれ・巻き込まれ,KYT教材,"https://kabegamicbgr.blogspot.com/2021/07/118839.html",kabegamicbgr.blogspot.com,"高所作業車 巻き込まれ ヒヤリハット KYT イラスト",af28b7be4f3e536b0198f59bc9db92f3
262,0262.gif,挟まれ・巻き込まれ,KYT教材,"https://anzeninfo.mhlw.go.jp/hiyari/07.html",anzeninfo.mhlw.go.jp,"高所作業車 巻き込まれ ヒヤリハット KYT イラスト",831bca6c3e219a1a2a71a95749c85b7f
263,0263.gif,挟まれ・巻き込まれ,KYT教材,"https://anzeninfo.mhlw.go.jp/hiyari/hiy_0133.html",anzeninfo.mhlw.go.jp,"高所作業車 巻き込まれ ヒヤリハット KYT イラスト",af11598a61f08f5df6cc7a890346d943
264,0264.webp,挟まれ・巻き込まれ,KYT教材,"https://pixta.jp/illustration/105472884",pixta.jp,"高所作業車 巻き込まれ ヒヤリハット KYT イラスト",3b97f19cdb3613636955865ca878bcd7
265,0265.gif,挟まれ・巻き込まれ,ヒヤリハット挿絵,"http://www.support-ss.co.jp/manual/index.html",www.support-ss.co.jp,"高所作業車 挟まれ 操作レバー 誤操作 危険 イラスト",03d32ca5ce92eaf40f71eb91e0ae32b0
266,0266.png,挟まれ・巻き込まれ,ヒヤリハット挿絵,"https://support-ss.co.jp/manual/",support-ss.co.jp,"高所作業車 挟まれ 操作レバー 誤操作 危険 イラスト",3ec6e666c4c9ef124d3a18de4a22c9d3
267,0267.jpg,挟まれ・巻き込まれ,ヒヤリハット挿絵,"https://www.ac-illust.com/main/search_result.php?word=%E8%BB%8A%E5%86%85%E6%94%BE%E7%BD%AE%E7%A6%81%E6%AD%A2&search_word=%E6%8C%9F%E3%81%BE%E3%82%8C%E6%B3%A8%E6%84%8F&page=0",www.ac-illust.com,"高所作業車 挟まれ 操作レバー 誤操作 危険 イラスト",ebb65c95ace994379438fcb30a7bc6d5
268,0268.jpg,挟まれ・巻き込まれ,ヒヤリハット挿絵,"https://www.ac-illust.com/main/detail.php?id=24255334",www.ac-illust.com,"高所作業車 挟まれ 操作レバー 誤操作 危険 イラスト",a2a5dfe3e22965ce533cfd1e48c2974b
269,0269.webp,挟まれ・巻き込まれ,注意喚起ポスター,"https://worddeharigami.com/?p=6013",worddeharigami.com,"高所作業車 挟まれ 注意喚起 ポスター",3e87bb54381e8d050808b681ebee62da
270,0270.jpg,挟まれ・巻き込まれ,注意喚起ポスター,"https://www.srs-sales.com/btproducts",www.srs-sales.com,"高所作業車 挟まれ 注意喚起 ポスター",cb5162e131bd710652a9a1790248d777
271,0271.jpg,挟まれ・巻き込まれ,注意喚起ポスター,"https://ec.midori-anzen.com/shop/g/g4068807210/",ec.midori-anzen.com,"高所作業車 挟まれ 注意喚起 ポスター",923b49d131d6dffdcbceb4acfbdde2a2
272,0272.jpg,挟まれ・巻き込まれ,注意喚起ポスター,"https://www.magx.co.jp/pitaemon_template/7450/",www.magx.co.jp,"高所作業車 挟まれ 注意喚起 ポスター",e01cccf201f6857b864b03ff7de6b2cc
273,0273.webp,挟まれ・巻き込まれ,教育イラスト,"https://pixta.jp/illustration/54468807",pixta.jp,"高所作業車 はさまれ 上昇 障害物 災害 イラスト",23580c1498dc4aa422dc8f9c37aabbdc
274,0274.webp,挟まれ・巻き込まれ,教育イラスト,"https://illustmapping.com/aerial-work-vehicle/",illustmapping.com,"高所作業車 はさまれ 上昇 障害物 災害 イラスト",804ef4d0e0a7dce21488dc1da51134ef
275,0275.png,挟まれ・巻き込まれ,教育イラスト,"https://illustimage.com/?id=3375",illustimage.com,"高所作業車 はさまれ 上昇 障害物 災害 イラスト",59886a277b9d10742aac698f0611252d
276,0276.jpg,挟まれ・巻き込まれ,教育イラスト,"https://www.ac-illust.com/main/detail.php?id=27337620",www.ac-illust.com,"高所作業車 はさまれ 上昇 障害物 災害 イラスト",a1715e004a8f1747a6a6ba40a7998f0f
277,0277.webp,挟まれ・巻き込まれ,教育イラスト,"https://pixta.jp/illustration/55220970",pixta.jp,"高所作業車 はさまれ 上昇 障害物 災害 イラスト",3d7f0ba957505b477e97d56a3a0de060
278,0278.webp,挟まれ・巻き込まれ,教育イラスト,"https://pixta.jp/illustration/55220977",pixta.jp,"高所作業車 はさまれ 上昇 障害物 災害 イラスト",b3809896f43293e9b76a71b9c75438bb
279,0279.webp,挟まれ・巻き込まれ,教育イラスト,"https://pixta.jp/illustration/54096240",pixta.jp,"高所作業車 挟圧 死亡 防止 イラスト",d31fa1e8f78042c575ef19d250e33839
280,0280.webp,挟まれ・巻き込まれ,教育イラスト,"https://pixta.jp/illustration/54263412",pixta.jp,"高所作業車 挟圧 死亡 防止 イラスト",2516e8134bab20b58f822883eb36cea7
281,0281.webp,挟まれ・巻き込まれ,教育イラスト,"https://pixta.jp/illustration/54096228",pixta.jp,"高所作業車 挟圧 死亡 防止 イラスト",09b238abe335bb95de66867da59a780d
282,0282.webp,挟まれ・巻き込まれ,教育イラスト,"https://pixta.jp/illustration/54117285",pixta.jp,"高所作業車 挟圧 死亡 防止 イラスト",fdb7154c6cc680f4d96c3c59d1014745
283,0283.jpg,挟まれ・巻き込まれ,教育イラスト,"https://www.ac-illust.com/main/detail.php?id=25281797",www.ac-illust.com,"高所作業車 挟圧 死亡 防止 イラスト",d6f47fa5cf19abbf887bb3decfe2d248
284,0284.jpg,挟まれ・巻き込まれ,実事例図/写真,"https://www.youtube.com/watch?v=sehEXZ0md0E",www.youtube.com,"高所作業車 挟まれ 死亡災害 事例 厚生労働省",a2f903ef956ff9442aa9d0a87531c8e1
285,0285.png,挟まれ・巻き込まれ,実事例図/写真,"https://www.kanamoto.co.jp/recommend/nps/",www.kanamoto.co.jp,"高所作業車 挟まれ 死亡災害 事例 厚生労働省",606b2052cb86cc1ad3d213b62c5b25ab
286,0286.png,挟まれ・巻き込まれ,実事例図/写真,"https://www.idec.com/ja/sustainability/csv/customer-success-stories/work-at-height-fall-prevention-case",www.idec.com,"高所作業車 挟まれ 死亡災害 事例 厚生労働省",9447efde7e35f185dc2e2b11b252b9c9
287,0287.jpg,挟まれ・巻き込まれ,実事例図/写真,"https://www.hokuyo-aut.co.jp/case/data.php?id=106",www.hokuyo-aut.co.jp,"高所作業車 挟まれ 死亡災害 事例 厚生労働省",1a4d901f2c3bd5bc69880742b5a41cdf
288,0288.png,挟まれ・巻き込まれ,実事例図/写真,"https://www.kanamoto.co.jp/recommend/nps/",www.kanamoto.co.jp,"高所作業車 挟まれ 死亡災害 事例 厚生労働省",365898d8f0c8445c918e44cfe2df58a5
289,0289.jpg,挟まれ・巻き込まれ,実事例図/写真,"https://dempa-digital.com/article/231864",dempa-digital.com,"高所作業車 挟まれ 死亡災害 事例 厚生労働省",8a85a717906de3a10f90ec9b9897a91b
290,0290.jpg,挟まれ・巻き込まれ,実事例図/写真,"https://built.itmedia.co.jp/bt/articles/2603/23/news064.html",built.itmedia.co.jp,"高所作業車 挟まれ 死亡災害 事例 厚生労働省",d1505e8a84bd9dd2ecd71d37893aec0f
291,0291.png,挟まれ・巻き込まれ,実事例図/写真,"https://www.nikkan.co.jp/articles/view/00607501",www.nikkan.co.jp,"高所作業車 挟まれ 死亡災害 事例 厚生労働省",3c7ab3aa25d98856582f4177e97070e5
292,0292.png,挟まれ・巻き込まれ,実事例図/写真,"https://www.kanamoto.co.jp/recommend/anti-entrapment-bar/",www.kanamoto.co.jp,"高所作業車 挟まれ 死亡災害 事例 厚生労働省",83f0bfc31a36c9ad8a87de35bbaf8a48
293,0293.jpg,挟まれ・巻き込まれ,実事例図/写真,"http://safeconsortium.mhlw.go.jp/anzenproject/concour/2021/sakuhin3/n014.html",safeconsortium.mhlw.go.jp,"高所作業車 挟まれ 死亡災害 事例 厚生労働省",0624a0b1913faecb4e33be0225960ff5
294,0294.jpg,挟まれ・巻き込まれ,実事例図/写真,"https://safeconsortium.mhlw.go.jp/anzenproject/concour/2016/sakuhin7/n366.html",safeconsortium.mhlw.go.jp,"職場のあんぜんサイト 高所作業車 挟まれ 災害事例",114f1477ff0523af6599d30eb7c1a647
295,0295.png,挟まれ・巻き込まれ,実事例図/写真,"https://www.ad-hzm.co.jp/info/2026/20260226.php",www.ad-hzm.co.jp,"職場のあんぜんサイト 高所作業車 挟まれ 災害事例",1d9e08c59e716188ffc4dfcb5c954ca7
296,0296.jpg,挟まれ・巻き込まれ,実事例図/写真,"https://anzeninfo.mhlw.go.jp/anzenproject/concour/2019/sakuhin8/n201.html",anzeninfo.mhlw.go.jp,"職場のあんぜんサイト 高所作業車 挟まれ 災害事例",45f7218415100f4016345d3062402f1b
297,0297.jpg,挟まれ・巻き込まれ,実事例図/写真,"https://safeconsortium.mhlw.go.jp/anzenproject/concour/2022/sakuhin1/n988.html",safeconsortium.mhlw.go.jp,"職場のあんぜんサイト 高所作業車 挟まれ 災害事例",60cf0c679d7ff55ff37f4437f251dc8c
298,0298.png,挟まれ・巻き込まれ,実事例図/写真,"https://www.kanamoto.co.jp/recommend/anti-entrapment-bar/",www.kanamoto.co.jp,"職場のあんぜんサイト 高所作業車 挟まれ 災害事例",4d205da52b6fca45d6ee2676094d92ae
299,0299.jpg,挟まれ・巻き込まれ,実事例図/写真,"https://built.itmedia.co.jp/bt/articles/2603/23/news064.html",built.itmedia.co.jp,"職場のあんぜんサイト 高所作業車 挟まれ 災害事例",f6cdef15b480e84638113c92252deb54
300,0300.jpg,挟まれ・巻き込まれ,実事例図/写真,"https://anzeninfo.mhlw.go.jp/anzenproject/concour/2021/sakuhin9/n303.html",anzeninfo.mhlw.go.jp,"職場のあんぜんサイト 高所作業車 挟まれ 災害事例",7422eab581f455bebd08f61b2f67a177
301,0301.jpg,挟まれ・巻き込まれ,実事例図/写真,"https://www.ad-hzm.co.jp/info/2024/20241217.php",www.ad-hzm.co.jp,"職場のあんぜんサイト 高所作業車 挟まれ 災害事例",7f1151f6d55b5d33b7f0da32b714008e
302,0302.webp,挟まれ・巻き込まれ,実事例図/写真,"https://sugimoto-denki-lp.jp/blog/column/20211122141404-2874",sugimoto-denki-lp.jp,"職場のあんぜんサイト 高所作業車 挟まれ 災害事例",93bc6b2f25f4399b3cd41e535f5f2293
303,0303.jpg,挟まれ・巻き込まれ,実事例図/写真,"https://www.kensaibou.or.jp/safe_tech/foreign_worker_education/japanese/example_of_accidents/getting_caught/index.html",www.kensaibou.or.jp,"高所作業車 挟まれ 災害事例 建災防",7af60d63128d0046f5ac2d6d5062cac3
304,0304.png,挟まれ・巻き込まれ,実事例図/写真,"https://www.kanamoto.co.jp/recommend/ods-lidar/",www.kanamoto.co.jp,"高所作業車 挟まれ 災害事例 建災防",0d9744822181a96a3974bbc18a16b63a
305,0305.png,挟まれ・巻き込まれ,実事例図/写真,"https://digital-construction.jp/news/3245",digital-construction.jp,"高所作業車 挟まれ 災害事例 建災防",d0a9fccc1244de98e0d6048ed28ef631
306,0306.png,挟まれ・巻き込まれ,実事例図/写真,"https://www.kensaibou.or.jp/safe_tech/foreign_worker_education/japanese/003561.html",www.kensaibou.or.jp,"高所作業車 挟まれ 災害事例 建災防",272205049a7c44de0572237759a32753
307,0307.jpg,挟まれ・巻き込まれ,実事例図/写真,"https://www.youtube.com/watch?v=ykvsvn6bRhg",www.youtube.com,"高所作業車 挟まれ 災害事例 建災防",7b1df4f712b9c7cf38736fab9760a017
308,0308.jpg,挟まれ・巻き込まれ,実事例図/写真,"http://safeconsortium.mhlw.go.jp/anzenproject/concour/2022/sakuhin1/n1015.html",safeconsortium.mhlw.go.jp,"高所作業車 挟まれ 災害事例 建災防",e39d3b82ba0a13398a69fda4f834e192
309,0309.png,挟まれ・巻き込まれ,実事例図/写真,"https://www.ad-hzm.co.jp/info/2026/20260226.php",www.ad-hzm.co.jp,"高所作業車 挟まれ 巻き込まれ 災害事例 図",73847a6dfeb8d93547ead98969a46fc3
310,0310.jpg,挟まれ・巻き込まれ,実事例図/写真,"https://www.jaish.gr.jp/museum/japanese/s_exhibition/rolling/01_12p.html",www.jaish.gr.jp,"高所作業車 挟まれ 巻き込まれ 災害事例 図",7679676384b6d2b260934c6bf74b7920
311,0311.jpg,挟まれ・巻き込まれ,実事例図/写真,"https://www.kensaibou.or.jp/safe_tech/foreign_worker_education/japanese/example_of_accidents/getting_caught/index.html",www.kensaibou.or.jp,"高所作業車 挟まれ 巻き込まれ 災害事例 図",bcaa35030b9cfff2fc6da83ddf12bf17
312,0312.jpg,挟まれ・巻き込まれ,実事例図/写真,"http://www.hatarakunavi.net/fap/corporate/column/03/008/",www.hatarakunavi.net,"高所作業車 挟まれ 巻き込まれ 災害事例 図",6f0645784f63ebb5995efbdfe4dcda60
313,0313.jpg,挟まれ・巻き込まれ,実事例図/写真,"http://handa.jpn.org/1/posts/post709.html",handa.jpn.org,"高所作業車 挟まれ 巻き込まれ 災害事例 図",a4fff6880ae9f43259dde8b895bdf765
314,0314.jpg,挟まれ・巻き込まれ,実事例図/写真,"https://sp.hatarakunavi.net/fap/corporate/column/03/008/",sp.hatarakunavi.net,"高所作業車 挟まれ 巻き込まれ 災害事例 図",4f04a6abc8dd8eadfa308733293ee633
315,0315.png,挟まれ・巻き込まれ,実事例図/写真,"https://harada-e.co.jp/info/jirei-4",harada-e.co.jp,"高所作業車 挟まれ 巻き込まれ 災害事例 図",2a43125725bbc26e9a78b0cbaef47402
316,0316.png,挟まれ・巻き込まれ,実事例図/写真,"https://rousai.esora-law.com/jikoruikei/hasamaremakikomare/",rousai.esora-law.com,"高所作業車 挟まれ 巻き込まれ 災害事例 図",7ebde2c7a4d3d4617bc6b77187859a83
317,0317.png,挟まれ・巻き込まれ,実事例図/写真,"https://tebiki.jp/genba/useful/entanglement-accidents/",tebiki.jp,"高所作業車 挟まれ 巻き込まれ 災害事例 図",30ef53d39bd3bae92c592f4cf5662504
318,0318.jpg,挟まれ・巻き込まれ,実事例図/写真,"https://www.kensaibou.or.jp/safe_tech/foreign_worker_education/japanese/example_of_accidents/getting_caught/index.html",www.kensaibou.or.jp,"高所作業車 挟まれ 巻き込まれ 災害事例 図",7f3f6702e82a4ee434b4f59d2920f0af
319,0319.jpg,挟まれ・巻き込まれ,実事例図/写真,"https://www.youtube.com/watch?v=YbnvaWL69G4",www.youtube.com,"高所作業車 挟まれ 上部 構造物 死亡災害 事例",611e8f3d9149ab63f580844efa475664
320,0320.png,挟まれ・巻き込まれ,実事例図/写真,"https://www.nikkan.co.jp/articles/view/00607501",www.nikkan.co.jp,"高所作業車 挟まれ 上部 構造物 死亡災害 事例",1e3d092981f35ff50b3a5f4aeee48c28
321,0321.jpg,挟まれ・巻き込まれ,実事例図/写真,"https://www.ad-hzm.co.jp/info/2024/20241217.php",www.ad-hzm.co.jp,"高所作業車 挟まれ 上部 構造物 死亡災害 事例",1eb7ff9c3cbb2ba5ca344dce0b2e90c1
322,0322.webp,挟まれ・巻き込まれ,教育イラスト,"https://cartoondealer.com/image/143016225/collision-forklift-operation-work-accident-warehouse-logistic-storage-interior-industrial-safety-concept-flat.html",cartoondealer.com,"aerial lift crushing caught between accident illustration",a08b624d0fb6676f467e25277ebaf09d
323,0323.jpg,挟まれ・巻き込まれ,教育イラスト,"https://www.istockphoto.com/fr/vectoriel/accident-de-chariot-élévateur-basculant-gm1393985987-449628001",www.istockphoto.com,"aerial lift crushing caught between accident illustration",008a6bafb1a7899b30a4fa4eac3f63ac
324,0324.jpg,挟まれ・巻き込まれ,教育イラスト,"https://www.ac-illust.com/main/detail.php?id=991305",www.ac-illust.com,"aerial lift crushing caught between accident illustration",8d8badb42752309b3a4263f9adeb088b
325,0325.jpg,挟まれ・巻き込まれ,教育イラスト,"https://www.wikihow.life/Operate-an-Aerial-Lift",www.wikihow.life,"aerial lift crushing caught between accident illustration",0018b893bc1e59674fa10a40807941b0
326,0326.jpg,挟まれ・巻き込まれ,教育イラスト,"https://www.vecteezy.com/vector-art/15511729-illustration-for-construction-machinery-vehicle-lift-aerial",www.vecteezy.com,"aerial lift crushing caught between accident illustration",678a9383608b0ca60f395a5c5ebfc72e
327,0327.jpg,挟まれ・巻き込まれ,教育イラスト,"https://www.vecteezy.com/free-vector/aerial-lift",www.vecteezy.com,"aerial lift crushing caught between accident illustration",1ee92b6fed1c65ecf238f4565403483f
328,0328.png,挟まれ・巻き込まれ,教育イラスト,"https://pngtree.com/free-png-vectors/aerial-lift-clipart",pngtree.com,"aerial lift crushing caught between accident illustration",6c04f2ac45847c196187463b3206d069
329,0329.jpg,挟まれ・巻き込まれ,教育イラスト,"https://storage.googleapis.com/dchtbjucjucroe/forklift-accident-clipart.html",storage.googleapis.com,"aerial lift crushing caught between accident illustration",d6560375728a9e4dd9846cb6bd097292
330,0330.webp,挟まれ・巻き込まれ,教育イラスト,"https://www.shutterstock.com/image-vector/illustration-man-who-caused-accident-between-2235146765",www.shutterstock.com,"aerial lift crushing caught between accident illustration",5cf0a54d35eedc6f2760694c1a215249
331,0331.png,挟まれ・巻き込まれ,教育イラスト,"https://pngtree.com/freepng/crushing-car-vector-accident-illustration_18389671.html",pngtree.com,"aerial lift crushing caught between accident illustration",fbef3a666e4893c3a81c586451aa19de
332,0332.jpg,挟まれ・巻き込まれ,教育イラスト,"https://stock.adobe.com/br/images/work-safety-and-accident-occupational-injury-industrial-safety-vector-cartoon-worker-s-hand-caught-in-the-mechanism/413907638",stock.adobe.com,"aerial lift crushing caught between accident illustration",110a1b6ca1c483cdec80fc9f75745f24
333,0333.jpg,挟まれ・巻き込まれ,教育イラスト,"https://www.fluidpowersafety.com/fpsi_alert-24.html",www.fluidpowersafety.com,"aerial lift crushing caught between accident illustration",9c491095a43ccf648e25e37c5b0b2db3
334,0334.png,挟まれ・巻き込まれ,教育イラスト,"https://acornhealthandsafety.co.uk/health-safety/accident-and-incident-reporting/",acornhealthandsafety.co.uk,"aerial lift crushing caught between accident illustration",25c4cbbfe41317b4789a8bed94ab4fca
335,0335.webp,挟まれ・巻き込まれ,教育イラスト,"https://www.dreamstime.com/illustration/crushing-hazard.html",www.dreamstime.com,"aerial lift crushing caught between accident illustration",d65713950f40bca7b8901f754c790f63
336,0336.webp,挟まれ・巻き込まれ,教育イラスト,"https://www.dreamstime.com/illustration/car-accident-injuries.html",www.dreamstime.com,"aerial lift crushing caught between accident illustration",8b1be521d339d9673c8b9bbb32c298aa
337,0337.webp,挟まれ・巻き込まれ,教育イラスト,"https://www.shutterstock.com/search/airplane-crash?image_type=illustration",www.shutterstock.com,"aerial lift crushing caught between accident illustration",00843eaf1b2c64ecd28f309d47803aca
338,0338.jpg,挟まれ・巻き込まれ,教育イラスト,"https://www.alamy.com/crush-injury-body-compression-concept-icon-traumatism-industrial-accident-building-collapse-idea-thin-line-illustration-vector-isolated-outline-image348322297.html",www.alamy.com,"aerial lift crushing caught between accident illustration",fc84eb3e37d97bd3ff491cd10112ed86
339,0339.jpg,挟まれ・巻き込まれ,教育イラスト,"https://en.ac-illust.com/clip-art/766070/illustration-of-workers--collision",en.ac-illust.com,"aerial lift crushing caught between accident illustration",aaec688c36cbff52fcd38146f840dd6f
340,0340.jpg,挟まれ・巻き込まれ,教育イラスト,"https://stock.adobe.com/images/injure-fragmentation-during-machine-operation-vector-illustration-safety-and-accident-industrial-safety-cartoon/272923763",stock.adobe.com,"aerial lift crushing caught between accident illustration",aa6e68c4bd7541194de0a8fa1b57658f
341,0341.webp,挟まれ・巻き込まれ,教育イラスト,"https://www.shutterstock.com/search/machine-accidents",www.shutterstock.com,"aerial lift crushing caught between accident illustration",b1e429c0adb93d58fc2ea45d09912230
342,0342.webp,挟まれ・巻き込まれ,教育イラスト,"https://www.dreamstime.com/dangers-driving-forklift-overturning-safety-handling-work-accident-warehouse-security-first-industrial-occupational-image295324013",www.dreamstime.com,"aerial lift crushing caught between accident illustration",7deefcfb0431086b6848d64bde1e33c4
343,0343.webp,挟まれ・巻き込まれ,教育イラスト,"https://www.dreamstime.com/overhead-crane-crush-hazard-triangle-warning-sign-vector-illustration-overhead-crane-crush-hazard-triangle-warning-sign-vector-image208454342",www.dreamstime.com,"boom lift crush hazard overhead structure illustration",91bea0ba1dab18609115a85823da9c71
344,0344.webp,挟まれ・巻き込まれ,教育イラスト,"https://www.dreamstime.com/overhead-crane-crush-hazard-triangle-warning-sign-vector-illustration-stock-design-image208454341",www.dreamstime.com,"boom lift crush hazard overhead structure illustration",7c080ea7fbceb577375209cdea4df00b
345,0345.jpg,挟まれ・巻き込まれ,教育イラスト,"https://www.clarionsafety.com/products/FIS6046-/",www.clarionsafety.com,"boom lift crush hazard overhead structure illustration",333781dc2a82e75650e8ce2ca1936394
346,0346.jpg,挟まれ・巻き込まれ,教育イラスト,"https://www.freepik.com/premium-vector/stay-away-overhead-crane-loads-red-triangle-concept-crush-hazard-vector-icon-design-modern-traffic_32021350.htm",www.freepik.com,"boom lift crush hazard overhead structure illustration",fc21833ef9c707e492761deaee645a8a
347,0347.png,挟まれ・巻き込まれ,教育イラスト,"https://www.mysafetylabels.com/crush-hazard-labels",www.mysafetylabels.com,"boom lift crush hazard overhead structure illustration",0f22a508a40c625bc86b17b56a3c58c7
348,0348.webp,挟まれ・巻き込まれ,教育イラスト,"https://www.dreamstime.com/overhead-load-hazard-sign-construction-site-classic-danger-warning-yellow-triangle-symbol-vector-isolated-transparent-image374464051",www.dreamstime.com,"boom lift crush hazard overhead structure illustration",13a42e5939fbf0db038d2eabd8eae852
349,0349.jpg,挟まれ・巻き込まれ,教育イラスト,"https://www.vecteezy.com/free-vector/lifting-hazard",www.vecteezy.com,"boom lift crush hazard overhead structure illustration",f7ca1ada75aa2cee3a7be43ff041fa2b
350,0350.jpg,挟まれ・巻き込まれ,教育イラスト,"https://tyoturvallisuuskeskus.fi/en/publication/overhead-crane-safety-hazard-zones/",tyoturvallisuuskeskus.fi,"boom lift crush hazard overhead structure illustration",42bc40aac909d65543199dec3526576f
351,0351.jpg,挟まれ・巻き込まれ,教育イラスト,"https://www.youtube.com/watch?v=KdK76PCEo0k",www.youtube.com,"boom lift crush hazard overhead structure illustration",49595e6c98d6bed3f66804e7ed1b6f47
352,0352.webp,挟まれ・巻き込まれ,教育イラスト,"https://cartoondealer.com/image/259935430/overhead-crane-warehouse-structure.html",cartoondealer.com,"boom lift crush hazard overhead structure illustration",f046c0ef8373301ba7d8cfe115aa71e3
353,0353.webp,挟まれ・巻き込まれ,教育イラスト,"https://www.shutterstock.com/image-vector/crush-hazard-front-loader-bucket-safety-2295921163",www.shutterstock.com,"boom lift crush hazard overhead structure illustration",609a111fc945e9cc554561a42586ef25
354,0354.jpg,挟まれ・巻き込まれ,教育イラスト,"https://www.alamy.com/factory-overhead-crane-image152878036.html",www.alamy.com,"boom lift crush hazard overhead structure illustration",5684db7581350ed494013faa5bcf73c7
355,0355.jpg,挟まれ・巻き込まれ,教育イラスト,"https://www.shutterstock.com/image-vector/danger-crush-hazard-symbol-signvector-illustration-1937842321",www.shutterstock.com,"boom lift crush hazard overhead structure illustration",22ddbdff4de4acc3100be62e6c6804f3
356,0356.webp,挟まれ・巻き込まれ,教育イラスト,"https://www.dreamstime.com/crush-hazard-symbol-sign-vector-illustration-isolate-white-background-label-eps-image281930442",www.dreamstime.com,"boom lift crush hazard overhead structure illustration",50b7d54f1743bc5e64a99bcc541776fd
357,0357.jpg,挟まれ・巻き込まれ,教育イラスト,"https://www.eqss.com.au/crush-guard.html",www.eqss.com.au,"boom lift crush hazard overhead structure illustration",4d0d9ea3a16d9fecfa69c93343a62262
358,0358.jpg,挟まれ・巻き込まれ,教育イラスト,"https://www.crushpixel.com/stock-vector/beware-overhead-hazard-symbol-isolate-1569290.html",www.crushpixel.com,"boom lift crush hazard overhead structure illustration",6c5584dcf1a3b45b6c154ff84a69d5d5
359,0359.jpg,挟まれ・巻き込まれ,教育イラスト,"https://www.alamy.com/symbol-caution-crush-hazard-sign-on-white-backgroundvector-illustration-image640657869.html",www.alamy.com,"boom lift crush hazard overhead structure illustration",8779e9563e29d7ab2239e6bbfe63b045
360,0360.jpg,挟まれ・巻き込まれ,教育イラスト,"https://www.vecteezy.com/vector-art/20514779-overhead-crane-lifting-industrial-materials-from-trailer-flat-bed-truck-in-factory-flatbed-industrial-manufacturing-worker-concept-illustration-isometric-isolated-vector",www.vecteezy.com,"boom lift crush hazard overhead structure illustration",4db1101c6f40f44369f71920aab763eb
361,0361.webp,挟まれ・巻き込まれ,教育イラスト,"https://cartoondealer.com/image/259935430/overhead-crane-warehouse-structure.html",cartoondealer.com,"boom lift crush hazard overhead structure illustration",b43e967abb874c4926c2fd1b30525bc7
362,0362.jpg,挟まれ・巻き込まれ,教育イラスト,"https://www.crushpixel.com/stock-vector/beware-overhead-hazard-symbol-isolate-1995945.html",www.crushpixel.com,"boom lift crush hazard overhead structure illustration",11f8406b742c6e92f6fa650cff91b1c6
363,0363.webp,挟まれ・巻き込まれ,教育イラスト,"https://www.dreamstime.com/forklift-safety-obstructed-view-hazard-flat-design-animation-text-english-forklift-safety-watch-overhead-obstructions-video182733385",www.dreamstime.com,"boom lift crush hazard overhead structure illustration",daae4843ba7dbf0cbc68f9d944c578a6
364,0364.webp,挟まれ・巻き込まれ,教育イラスト,"https://cartoondealer.com/image/302808917/warning-crush-hazard-symbol-sign-vector-illustration-isolate-white-background-label-eps10.html",cartoondealer.com,"boom lift crush hazard overhead structure illustration",7bc3bb9ac3e8aa1a35de0e4d06180d91
365,0365.webp,挟まれ・巻き込まれ,教育イラスト,"https://www.dreamstime.com/crush-hazard-black-icon-vector-illustration-isolate-white-background-label-eps-crush-hazard-black-icon-vector-illustration-image297432049",www.dreamstime.com,"boom lift crush hazard overhead structure illustration",0d5143a89aad2358f7e1b98f20d01c21
366,0366.jpg,挟まれ・巻き込まれ,教育イラスト,"https://www.alamy.com/factory-overhead-crane-image151327625.html",www.alamy.com,"boom lift crush hazard overhead structure illustration",b0301198dbeac7996720b6b31edbe05e
367,0367.jpg,挟まれ・巻き込まれ,教育イラスト,"https://www.istockphoto.com/vector/overhead-hazard-gm2190508377-608885726",www.istockphoto.com,"boom lift crush hazard overhead structure illustration",cab9e6f2c307228584a5260cdc4a0f89
368,0368.webp,挟まれ・巻き込まれ,教育イラスト,"https://cartoondealer.com/image/163473778/beware-overhead-load-symbol-vector-illustration-isolated-white-background-label-eps10.html",cartoondealer.com,"boom lift crush hazard overhead structure illustration",e657b6ad78fd1fbaf6d2e33f5ce06ff3
369,0369.webp,挟まれ・巻き込まれ,教育イラスト,"https://www.dreamstime.com/lift-hazard-symbol-sign-vector-illustration-isolate-white-background-label-eps-image296397683",www.dreamstime.com,"boom lift crush hazard overhead structure illustration",2ecbc41ef1e23978626d1b1715584cf5
370,0370.jpg,挟まれ・巻き込まれ,実事例図/写真,"https://narodnatribuna.info/lists/a/aerial-work-platform-accidents/",narodnatribuna.info,"aerial work platform sustained involuntary operation crush accident",cd19f2d07cc052a2a5e0ed27f115161c
371,0371.jpg,挟まれ・巻き込まれ,実事例図/写真,"https://fity.club/lists/suggestions/elevated-work-platform-safety/",fity.club,"aerial work platform sustained involuntary operation crush accident",e46991b86001134beb549ac01b2ceff6
372,0372.jpg,挟まれ・巻き込まれ,実事例図/写真,"https://www.adaptalift.com.au/blog/2019-10-11-reducing-crush-risks-for-elevating-work-platforms-operators",www.adaptalift.com.au,"aerial work platform sustained involuntary operation crush accident",4b114f9604fa1c218f9c04ea58023a8d
373,0373.jpg,挟まれ・巻き込まれ,実事例図/写真,"https://www.patrickdaniellaw.com/blog/aerial-lift-accident-causes/",www.patrickdaniellaw.com,"aerial work platform sustained involuntary operation crush accident",0428c61b395cbefc8a33d1df01c02480
374,0374.png,挟まれ・巻き込まれ,実事例図/写真,"https://metroforensics.blogspot.com/2015/08/investigation-mechanic-killed-when.html",metroforensics.blogspot.com,"aerial work platform sustained involuntary operation crush accident",199a88544ec3ab039e769b5e4a6fd1c2
375,0375.png,挟まれ・巻き込まれ,実事例図/写真,"https://eureka.patsnap.com/patent-US20150144426A1",eureka.patsnap.com,"aerial work platform sustained involuntary operation crush accident",1502641dc5f5a2f5cb7077cfb732da79
376,0376.webp,挟まれ・巻き込まれ,実事例図/写真,"https://www.slideshare.net/slideshow/aerial-work-platform-safetypptx/261886168",www.slideshare.net,"aerial work platform sustained involuntary operation crush accident",1f15d0a4e52068eca2339acdde97f776
377,0377.webp,挟まれ・巻き込まれ,実事例図/写真,"https://www.slideshare.net/slideshow/aerial-work-platform-safetypptx/261886168",www.slideshare.net,"aerial work platform sustained involuntary operation crush accident",aea6e5af11f405e260f025cf70fbaeb7
378,0378.png,挟まれ・巻き込まれ,実事例図/写真,"https://www.klubb.com/en/faq/how-to-reduce-the-risk-of-crushing-while-using-an-aerial-work-platform",www.klubb.com,"aerial work platform sustained involuntary operation crush accident",06a1ae6a5404d9a078e11cd1915d5840
379,0379.jpg,挟まれ・巻き込まれ,実事例図/写真,"https://fity.club/lists/suggestions/Unsafe-Aerial-Lift/",fity.club,"aerial work platform sustained involuntary operation crush accident",147f4a2a8ddb6f5901d85a14dceab626
380,0380.webp,挟まれ・巻き込まれ,実事例図/写真,"https://www.slideshare.net/slideshow/aerial-work-platform-safety-234118634/234118634",www.slideshare.net,"aerial work platform sustained involuntary operation crush accident",1a62a70779fca41d7d83147030b8bc45
381,0381.webp,挟まれ・巻き込まれ,実事例図/写真,"https://www.slideshare.net/slideshow/aerial-work-platform-safetypptx/261886168",www.slideshare.net,"aerial work platform sustained involuntary operation crush accident",27955aa153cf785bc032000f8e6c8bb0
382,0382.webp,挟まれ・巻き込まれ,実事例図/写真,"https://www.slideshare.net/slideshow/aerial-work-platform-safetypptx/261886168",www.slideshare.net,"aerial work platform sustained involuntary operation crush accident",a4e790505c879c7337f65acd364ec6f3
383,0383.jpg,挟まれ・巻き込まれ,実事例図/写真,"http://www.americantrainingresources.com/ptv-33.aspx",www.americantrainingresources.com,"aerial work platform sustained involuntary operation crush accident",cad68dbcaf3933243500f8b04b899183
384,0384.webp,挟まれ・巻き込まれ,実事例図/写真,"https://www.slideshare.net/slideshow/aerial-work-platform-safetypptx/261886168",www.slideshare.net,"aerial work platform sustained involuntary operation crush accident",f8e4b5bcd8f5bdd6b347766bb2953232
385,0385.gif,挟まれ・巻き込まれ,実事例図/写真,"https://www.khl.com/news/Aerial-platform-accident-at-SAIE-show/1079935.article",www.khl.com,"aerial work platform sustained involuntary operation crush accident",2f65e14189d90c35ae173d768409a784
386,0386.jpg,挟まれ・巻き込まれ,実事例図/写真,"https://www.elorry-ind.com/blog/aerial-work-platform-operation-skills.html",www.elorry-ind.com,"aerial work platform sustained involuntary operation crush accident",39cca0555bc80f004aa1eb588e495ab8
387,0387.jpg,挟まれ・巻き込まれ,実事例図/写真,"https://narodnatribuna.info/lists/a/aerial-work-platform-accidents/",narodnatribuna.info,"aerial work platform sustained involuntary operation crush accident",f27fa78b37234c2f8c67fd0a92c51ef3
388,0388.jpg,挟まれ・巻き込まれ,実事例図/写真,"https://www.facilitiesnet.com/equipmentrentaltools/article/OSHA-Falls-Top-List-of-Aerial-Work-Platform-Incidents--16214",www.facilitiesnet.com,"aerial work platform sustained involuntary operation crush accident",20ccdc29e4d8a4d46d8ae1946a13e421
389,0389.webp,挟まれ・巻き込まれ,実事例図/写真,"https://www.slideshare.net/slideshow/aerial-work-platform-safetypptx/261886168",www.slideshare.net,"aerial work platform sustained involuntary operation crush accident",f68fe5b43ad9ee24b98bbed812226518
390,0390.png,挟まれ・巻き込まれ,実事例図/写真,"https://www.sany.in/blog/elevating-safety-and-efficiency-with-aerial-work-platform/",www.sany.in,"aerial work platform sustained involuntary operation crush accident",7e283fe5bb45b224f0c2a1002a3cd771
391,0391.png,挟まれ・巻き込まれ,実事例図/写真,"https://narodnatribuna.info/lists/a/aerial-work-platform-accidents/",narodnatribuna.info,"aerial work platform sustained involuntary operation crush accident",78f805db977117b14c2abc374b34c27c
392,0392.png,挟まれ・巻き込まれ,実事例図/写真,"https://eureka.patsnap.com/patent-CN106744549A",eureka.patsnap.com,"aerial work platform sustained involuntary operation crush accident",07e518649c6c5cdbb9da7c56cc542b72
393,0393.png,挟まれ・巻き込まれ,実事例図/写真,"https://eureka.patsnap.com/patent-US20160075543A1",eureka.patsnap.com,"aerial work platform sustained involuntary operation crush accident",0e4d653ee1725b2d1af0204ccda931b1
394,0394.jpg,挟まれ・巻き込まれ,実事例図/写真,"https://www.istockphoto.com/vector/llustration-of-falling-from-the-work-platform-as-a-common-hazard-gm2156401441-577165881",www.istockphoto.com,"aerial work platform sustained involuntary operation crush accident",b3a876736955eff3bbc24d07000da37d
395,0395.jpg,挟まれ・巻き込まれ,実事例図/写真,"https://www.swllift.com/scissor-type-aerial-working-platform-operation-demonstration/",www.swllift.com,"aerial work platform sustained involuntary operation crush accident",c88aa981ae89f09864dd5e55dee07f8a
396,0396.webp,挟まれ・巻き込まれ,実事例図/写真,"https://www.slideshare.net/slideshow/aerial-work-platform-safety-234118634/234118634",www.slideshare.net,"aerial work platform sustained involuntary operation crush accident",5f7ad08dfa53881e71d8c42346c0ddc1
397,0397.jpg,挟まれ・巻き込まれ,教育イラスト,"https://www.freepik.com/premium-vector/scissor-lift-clipart-cartoon-style-vector-illustration_305742042.htm",www.freepik.com,"scissor lift crushed between ceiling caught accident illustration",0ee2c47b2b8bb4b757a633ac01983d03
398,0398.jpg,挟まれ・巻き込まれ,教育イラスト,"https://www.vecteezy.com/vector-art/20544828-vector-illustration-color-children-construction-workers-and-mini-scissor-lift-construction-machine-clipart",www.vecteezy.com,"scissor lift crushed between ceiling caught accident illustration",b8086d01ec71c6f8e85480bc1e7fce4c
399,0399.jpg,挟まれ・巻き込まれ,教育イラスト,"https://www.istockphoto.com/id/vektor/kecelakaan-saat-pekerjaan-slinging-gm1404420241-456642567",www.istockphoto.com,"scissor lift crushed between ceiling caught accident illustration",36da384717eedf650d56062eed9df073
400,0400.webp,挟まれ・巻き込まれ,教育イラスト,"https://cartoondealer.com/image/74174545/scissor-lift-worker-pointing-retro.html",cartoondealer.com,"scissor lift crushed between ceiling caught accident illustration",5e98e67eff5149b252d552978442928e
401,0401.webp,挟まれ・巻き込まれ,教育イラスト,"https://www.dreamstime.com/illustration/accident-place.html",www.dreamstime.com,"scissor lift crushed between ceiling caught accident illustration",847f54bd1890785103777ef0b79b6e49
402,0402.webp,挟まれ・巻き込まれ,教育イラスト,"https://www.shutterstock.com/image-vector/industrial-accident-illustration-set-injured-workers-2438238725",www.shutterstock.com,"scissor lift crushed between ceiling caught accident illustration",64b20b4d1e9b069758d847961a88a2ee
403,0403.jpg,挟まれ・巻き込まれ,教育イラスト,"https://www.freepik.com/premium-vector/scissor-lift-clipart-cartoon-style-vector-illustration_305742188.htm",www.freepik.com,"scissor lift crushed between ceiling caught accident illustration",68f2471a2ddba03e5ec40428a7f22eb5
404,0404.jpg,挟まれ・巻き込まれ,教育イラスト,"https://www.vecteezy.com/free-vector/scissor-lift",www.vecteezy.com,"scissor lift crushed between ceiling caught accident illustration",5108af0744d5dd7cbc344eb3bfcba063
405,0405.jpg,挟まれ・巻き込まれ,教育イラスト,"https://www.alamy.com/stock-photo/accident.html?imgt=8&sortBy=relevant",www.alamy.com,"scissor lift crushed between ceiling caught accident illustration",15113941830e7cd317fd906d33c095bd
406,0406.jpg,挟まれ・巻き込まれ,教育イラスト,"https://www.istockphoto.com/illustrations/work-accident",www.istockphoto.com,"scissor lift crushed between ceiling caught accident illustration",579f3d8842c5bd5092ac7d10993ef039
407,0407.jpg,挟まれ・巻き込まれ,教育イラスト,"https://www.istockphoto.com/vector/industrial-accident-set-illustration-gm2105588163-566703059",www.istockphoto.com,"scissor lift crushed between ceiling caught accident illustration",ffff1db8e56364a22c70c1395a8f519e
408,0408.jpg,挟まれ・巻き込まれ,教育イラスト,"https://www.vecteezy.com/vector-art/51804545-injured-worker-fall-accident-line-drawn-doodle",www.vecteezy.com,"scissor lift crushed between ceiling caught accident illustration",68c01dfecb9d0461c44b64b972102117
409,0409.png,挟まれ・巻き込まれ,教育イラスト,"https://creazilla.com/media/clipart/7874799/scissor-lift",creazilla.com,"scissor lift crushed between ceiling caught accident illustration",2f7caeefa12cb59b9f363c986f49f0a6
410,0410.jpg,挟まれ・巻き込まれ,教育イラスト,"https://ar.inspiredpencil.com/pictures-2023/work-accidents-clipart",ar.inspiredpencil.com,"scissor lift crushed between ceiling caught accident illustration",044fb9b4f703de41dfde9ba364478dc7
411,0411.webp,挟まれ・巻き込まれ,注意喚起ポスター,"https://www.slideshare.net/slideshow/trapping-amp-crushing-in-mewps-guidance-from-strategic-forum-plant-safety-group/4805942",www.slideshare.net,"MEWP crushing trapping hazard poster safety",ead1cab94e51da9fcced05b70ef04112
412,0412.png,挟まれ・巻き込まれ,注意喚起ポスター,"https://www.ipaf.org/en-gb/resource-library/good-practice-guidance-reducing-trappingcrushing-injuries-people-mewps",www.ipaf.org,"MEWP crushing trapping hazard poster safety",4e1b5323ccb10c4882828279a3c1e2a2
413,0413.webp,挟まれ・巻き込まれ,注意喚起ポスター,"https://www.sticksafe.com.au/products/warning-sticker-w7",www.sticksafe.com.au,"MEWP crushing trapping hazard poster safety",3e1e071b5465a3649c81240c5d79ae60
414,0414.jpg,挟まれ・巻き込まれ,注意喚起ポスター,"https://www.vecteezy.com/vector-art/47700299-crushing-hazard-warning-sign-ensure-safety-in-crushing-zones",www.vecteezy.com,"MEWP crushing trapping hazard poster safety",c069dccea4a3eb38e850675feed9ac00
415,0415.jpg,挟まれ・巻き込まれ,注意喚起ポスター,"https://www.postermywall.com/index.php/art/template/607e7cb7dfa4279809554fd8433b66a2/mechanical-crush-hazard-design-template",www.postermywall.com,"MEWP crushing trapping hazard poster safety",64565df1e48b705585893843361a59ec
416,0416.jpg,挟まれ・巻き込まれ,注意喚起ポスター,"https://www.creativesafetysupply.com/wall-sign/crushing-hazard-stand-clear-of-moving-outriggers-ansi/",www.creativesafetysupply.com,"MEWP crushing trapping hazard poster safety",fddd8e8cfd2e1d1ad7278b403321a013
417,0417.jpg,挟まれ・巻き込まれ,注意喚起ポスター,"https://www.complianceassistance.us/danger_crushing_hazard_safety_sign",www.complianceassistance.us,"MEWP crushing trapping hazard poster safety",ecea66894e87f36775afea92c395db1a
418,0418.jpg,挟まれ・巻き込まれ,注意喚起ポスター,"https://www.traconed.com/product/147800/hazard-sign---crushing-hazard",www.traconed.com,"MEWP crushing trapping hazard poster safety",0b2a5672aa2d5d4315789b485313acd6
419,0419.jpg,挟まれ・巻き込まれ,注意喚起ポスター,"https://www.alamy.com/stock-photo/crushing-hazard-sign.html?imgt=8",www.alamy.com,"MEWP crushing trapping hazard poster safety",820def387b6d69fc068fa8d3ea00058c
420,0420.png,挟まれ・巻き込まれ,注意喚起ポスター,"https://pdsgraphics.com.au/product/crush-hazard-pictogram-2524-warning-sign/",pdsgraphics.com.au,"MEWP crushing trapping hazard poster safety",3baf3d59c13b861001d71b7d2fc302af
421,0421.webp,挟まれ・巻き込まれ,注意喚起ポスター,"https://storage.googleapis.com/dwrfdkcoftdvde/crush-hazard-sign-meaning.html",storage.googleapis.com,"MEWP crushing trapping hazard poster safety",f0d76f2dda2011c3d6c1b80c8a8dfac0
422,0422.png,挟まれ・巻き込まれ,注意喚起ポスター,"https://www.ilgitrafik.com/en/caution-hand-crush-hazard-sign/",www.ilgitrafik.com,"MEWP crushing trapping hazard poster safety",5268a10f3def3b45f568984025b58937
423,0423.webp,挟まれ・巻き込まれ,注意喚起ポスター,"https://www.safety-label.co.uk/products/warning-crush-hazard-sticker",www.safety-label.co.uk,"MEWP crushing trapping hazard poster safety",69888f787b26a4112179b707412d35d9
424,0424.png,挟まれ・巻き込まれ,注意喚起ポスター,"https://creazilla.com/search/clipart/hazard",creazilla.com,"MEWP crushing trapping hazard poster safety",6d80d96f3f0ab480a8315010d51f0639
425,0425.webp,挟まれ・巻き込まれ,注意喚起ポスター,"https://www.safetylabelsolutions.com/crushhazardlabel-8015h-iso",www.safetylabelsolutions.com,"MEWP crushing trapping hazard poster safety",3469d93d65127a4ac7e3999d77f4c8f2
426,0426.webp,挟まれ・巻き込まれ,注意喚起ポスター,"https://cartoondealer.com/image/302808917/warning-crush-hazard-symbol-sign-vector-illustration-isolate-white-background-label-eps10.html",cartoondealer.com,"MEWP crushing trapping hazard poster safety",dbc6fedb66cc2fa63cde40be70c7af0c
427,0427.png,挟まれ・巻き込まれ,注意喚起ポスター,"https://www.ilgitrafik.com/en/caution-hand-crush-hazard/",www.ilgitrafik.com,"MEWP crushing trapping hazard poster safety",7e98e9a1fada87a03b850a7bcddcad77
428,0428.jpg,挟まれ・巻き込まれ,注意喚起ポスター,"https://www.vecteezy.com/vector-art/50393697-yellow-risk-of-crushing-sign-icon-a-man-under-a-heavy-load-danger-warning-sign",www.vecteezy.com,"MEWP crushing trapping hazard poster safety",45746ea962f650caf778562daf63c731
429,0429.png,挟まれ・巻き込まれ,注意喚起ポスター,"https://www.ilgitrafik.com/en/caution-hand-crush-hazard-signboard/",www.ilgitrafik.com,"MEWP crushing trapping hazard poster safety",4a5523082b5f8d0b33f941f646a54175
430,0430.jpg,挟まれ・巻き込まれ,注意喚起ポスター,"https://www.carteling.com/en/23-hazard-signs?page=2",www.carteling.com,"MEWP crushing trapping hazard poster safety",24a2bdce4192ea38ac62d10d7a626205
431,0431.webp,挟まれ・巻き込まれ,注意喚起ポスター,"https://alphaprintandsigns.com/product/danger-of-crushing-safety-sign-hazard0011/",alphaprintandsigns.com,"MEWP crushing trapping hazard poster safety",0dd9d8cf858b82259ad4781806a9957e
432,0432.jpg,挟まれ・巻き込まれ,注意喚起ポスター,"https://www.vecteezy.com/vector-art/47627158-crushing-risk-safety-sign-ensure-protection-in-high-risk-zones",www.vecteezy.com,"MEWP crushing trapping hazard poster safety",789e328a8115f9df60dc5e61d057b2c8
433,0433.jpg,挟まれ・巻き込まれ,注意喚起ポスター,"https://www.vecteezy.com/vector-art/59043862-crushing-hazard-icon-warning-sign-for-squeeze-and-compression-risks-in-industrial-environments-safety-indicator-for-machinery-workplace-and-mechanical-pressure-dangers",www.vecteezy.com,"MEWP crushing trapping hazard poster safety",b5f954cddcffac64c7d990a7d9c33d7d
434,0434.jpg,挟まれ・巻き込まれ,注意喚起ポスター,"https://www.creativesafetysupply.com/wall-sign/caution-crushing-hazard-drivers-must-chock-wheels-landscape-wall-sign/",www.creativesafetysupply.com,"MEWP crushing trapping hazard poster safety",04bc8c1c99895b683d5320b251a55948
435,0435.jpg,挟まれ・巻き込まれ,注意喚起ポスター,"https://www.caledoniasigns.co.uk/Caledonia-Signs-Warning-Safety-Signs/Caledonia-Signs-Warning-Danger-of-Crushing-Safety-Sign",www.caledoniasigns.co.uk,"MEWP crushing trapping hazard poster safety",3ad2e9973ee26b69a6e3485db53e1f0f
436,0436.png,挟まれ・巻き込まれ,注意喚起ポスター,"https://www.safety-label.co.uk/products/crushing-hazard-symbol-sign",www.safety-label.co.uk,"MEWP crushing trapping hazard poster safety",64869e77c1139f2cbfa0004d7760d009
437,0437.jpg,挟まれ・巻き込まれ,注意喚起ポスター,"https://storage.googleapis.com/dclustntzsifwe/crushing-hazard-symbol.html",storage.googleapis.com,"MEWP crushing trapping hazard poster safety",92c8d1bd2a0fd8cad89dce530b6e8f7f
438,0438.jpg,挟まれ・巻き込まれ,注意喚起ポスター,"https://firstaidandsafetyonline.com/iso-warning-safety-sign-crush-hazard-plastic-6/",firstaidandsafetyonline.com,"MEWP crushing trapping hazard poster safety",4d6a8e640380b517a6c4952cfd02481d
439,0439.png,挟まれ・巻き込まれ,注意喚起ポスター,"https://freesvg.org/mechanical-crush-hazard-warning-sign-vector-image",freesvg.org,"MEWP crushing trapping hazard poster safety",b146a0dc892cc1d8f11d4e5e3d7fe7a5
440,0440.png,挟まれ・巻き込まれ,注意喚起ポスター,"https://www.ilgitrafik.com/en/caution-dangers-of-entanglement/",www.ilgitrafik.com,"MEWP crushing trapping hazard poster safety",dc1e5c89350d8891fc83ba5089ff0594
