raw_01.jpg	200	205307	a3f1e7a897c127e7c118dbf401f5d83a	JPEG image data, Exi	TGL	墜落・転落	https://anzeninfo.mhlw.go.jp/hiyari/hiy_0448.html	https://anzeninfo.mhlw.go.jp/hiyari/image/hiy1-448-30-1.jpg
raw_02.gif	200	73832	a505ab0881f9dfa8cc01fdc34fdf6c36	GIF image data, vers	TGL	はさまれ・巻き込まれ	https://anzeninfo.mhlw.go.jp/hiyari/hiy_0373.html	https://anzeninfo.mhlw.go.jp/hiyari/image/hiy1-373-24-1.gif
raw_03.gif	200	30134	e4ee1755fc44db027a5ec945c5776875	GIF image data, vers	TGL	墜落・転落	https://anzeninfo.mhlw.go.jp/hiyari/hiy_0316.html	https://anzeninfo.mhlw.go.jp/hiyari/image/hiy1-316-22-9.gif
raw_04.gif	200	97911	1975d8ac88daa34b7a8e1b4ac7e12fe9	GIF image data, vers	TGL	墜落・転落	https://anzeninfo.mhlw.go.jp/hiyari/hiy_0333.html	https://anzeninfo.mhlw.go.jp/hiyari/image/hiy1-333-23-1.gif
raw_05.gif	200	13668	3c994e79765ef3ac84d6e768e7371239	GIF image data, vers	TGL	墜落・転落	https://anzeninfo.mhlw.go.jp/hiyari/hiy_0298.html	https://anzeninfo.mhlw.go.jp/hiyari/image/hiy1-298-21-4.gif
raw_06.gif	200	13630	85a5921be2759907efdbc2c083dcab4e	GIF image data, vers	TGL	墜落・転落	https://anzeninfo.mhlw.go.jp/hiyari/hiy_0071.html	https://anzeninfo.mhlw.go.jp/hiyari/image/hiy1-72-12-1.gif
raw_07.gif	200	16487	6339d274e77e508a918e642c2d2b8a46	GIF image data, vers	TGL	墜落・転落	https://anzeninfo.mhlw.go.jp/hiyari/hiy_0026.html	https://anzeninfo.mhlw.go.jp/hiyari/image/hiy1-27-12-1.gif
raw_08.gif	200	32887	619de2677d6346eac57c240f46aea3bd	GIF image data, vers	TGL	転倒	https://anzeninfo.mhlw.go.jp/hiyari/hiy_0376.html	https://anzeninfo.mhlw.go.jp/hiyari/image/hiy1-376-25-1.gif
raw_09.gif	200	81095	722e27c16dec9c6888a3909a4d60b9a6	GIF image data, vers	TGL	転倒	https://anzeninfo.mhlw.go.jp/hiyari/hiy_0336.html	https://anzeninfo.mhlw.go.jp/hiyari/image/hiy1-336-23-1.gif
raw_10.jpg	200	21293	ba9662d8524cf041d7e9a7ab3abe6267	JPEG image data, JFI	TGL	墜落・転落	https://anzeninfo.mhlw.go.jp/hiyari/hiy_0198.html	https://anzeninfo.mhlw.go.jp/hiyari/image/hiy1-198-17-4.jpg
raw_11.gif	200	40304	465e381dd47e0a7a29b280b9171c4932	GIF image data, vers	TGL	激突	https://anzeninfo.mhlw.go.jp/hiyari/hiy_0311.html	https://anzeninfo.mhlw.go.jp/hiyari/image/hiy1-311-22-4.gif
raw_12.gif	200	39906	211b6ef22ac5f6e793e857ebd99c090c	GIF image data, vers	TGL	墜落・転落	https://anzeninfo.mhlw.go.jp/hiyari/hiy_0309.html	https://anzeninfo.mhlw.go.jp/hiyari/image/hiy1-309-22-2.gif
raw_13.gif	200	22344	5b7de7c4c6b664d25b9e3b054647d73d	GIF image data, vers	TGL	はさまれ・巻き込まれ	https://anzeninfo.mhlw.go.jp/hiyari/hiy_0430.html	https://anzeninfo.mhlw.go.jp/hiyari/image/hiy1-430-28-1.gif
raw_14.gif	200	30520	59bfe592e082f63866e7c10c46885d24	GIF image data, vers	TGL	はさまれ・巻き込まれ	https://anzeninfo.mhlw.go.jp/hiyari/hiy_0414.html	https://anzeninfo.mhlw.go.jp/hiyari/image/hiy1-414-26-1.gif
raw_15.gif	200	16258	a206f018a5bc71f62b11c3fc8cbf1edd	GIF image data, vers	TGL	はさまれ・巻き込まれ	https://anzeninfo.mhlw.go.jp/hiyari/hiy_0132.html	https://anzeninfo.mhlw.go.jp/hiyari/image/hiy1-133-12-1.gif
raw_16.gif	200	21420	43b78542c98db9a267be4b5f2edb8368	GIF image data, vers	TGL	飛来・落下	https://anzeninfo.mhlw.go.jp/hiyari/hiy_0432.html	https://anzeninfo.mhlw.go.jp/hiyari/image/hiy1-432-29-1.gif
raw_17.gif	200	21020	5201b40dfeff6f29bd2f1913dea5e72f	GIF image data, vers	TGL	下敷き	https://anzeninfo.mhlw.go.jp/hiyari/hiy_0428.html	https://anzeninfo.mhlw.go.jp/hiyari/image/hiy1-428-28-1.gif
raw_18.gif	200	15237	8563f1af842e200d71b78e9aaf1c6884	GIF image data, vers	TGL	飛来・落下	https://anzeninfo.mhlw.go.jp/hiyari/hiy_0045.html	https://anzeninfo.mhlw.go.jp/hiyari/image/hiy1-46-12-1.gif
raw_19.gif	200	30666	e6280f020d64ac7bbdb24e4387a77787	GIF image data, vers	TGL	転倒	https://anzeninfo.mhlw.go.jp/hiyari/hiy_0393.html	https://anzeninfo.mhlw.go.jp/hiyari/image/hiy1-393-25-1.gif
raw_20.jpg	200	54258	319eac0c984d338ca66ffa8bef5d6e66	JPEG image data, JFI	TGL	その他	https://www.tokubetu.or.jp/2662	https://www.tokubetu.or.jp/wordpress/wp-content/uploads/257.jpg
raw_21.jpg	200	49459	39ec8451ccea7ba167f3a64ea738f288	JPEG image data, JFI	TGL	飛来・落下	https://www.tokubetu.or.jp/2298	https://www.tokubetu.or.jp/wordpress/wp-content/uploads/174.jpg
raw_22.jpg	200	67589	f011225e502f2de14c0fe87e18dcd70f	JPEG image data, JFI	TGL	飛来・落下	https://www.tokubetu.or.jp/kyt/unyu	https://www.tokubetu.or.jp/wordpress/wp-content/uploads/389.jpg
raw_23.jpg	200	47136	ee079304f9b8829a60c5dff3e9b0cd6d	JPEG image data, JFI	TGL	その他	https://www.tokubetu.or.jp/kyt/unyu	https://www.tokubetu.or.jp/wordpress/wp-content/uploads/372.jpg
raw_24.jpg	200	58403	79ea1395900c5dc3b69d1514fe902b0c	JPEG image data, JFI	TGL	飛来・落下	https://www.tokubetu.or.jp/kyt/unyu	https://www.tokubetu.or.jp/wordpress/wp-content/uploads/270.jpg
